,chr17:41245466:G/A,chr2:48028098:A/G,chr15:89858602:T/C,chr6:80751780:G/A,chr1:120458924:G/A,chr13:25052420:T/A,chr12:49424230:G/A,chr15:59322829:A/G,chr1:11288758:G/A,chr4:187538942:T/A,chr16:3634746:C/A,chr1:158612236:A/G,chr16:347257:G/T,chr6:7229346:T/C,chr20:54959296:G/C,chr17:56448297:C/T,chr17:56435453:A/G,chr1:27100341:C/T,chr6:31860118:G/A,chr4:55980456:C/T,chr9:21971349:C/G,chr12:49424234:G/A,chr8:128752924:C/G,chr6:111628626:C/T,chr13:32914437:GT/G,chr2:203384788:T/TC,chr9:8470930:AG/A,chr12:25398284:C/T,chr16:68857289:T/C,chr19:5219899:G/A,chr1:16474839:AC/A,chr13:25052261:C/T,chr3:189604149:T/G,chr9:8470974:G/A,chr6:111628597:C/G,chr1:11205058:C/T,chr18:48575152:C/T,cluster_id
cell_1-BPA-5-RSX,0,0,1,0,1,1,0,0,1,1,0,1,0,1,1,1,0,1,1,0,0,0,0,0,1,0,1,0,1,1,0,1,0,1,0,1,0,4
cell_10-BPA-5-RSX,0,0,1,0,1,0,0,1,1,1,1,0,1,1,0,1,1,0,0,1,0,0,0,0,0,1,1,0,1,1,0,0,0,1,0,0,0,4
cell_100-BPA-5-RSX,1,0,1,0,0,0,0,1,1,1,1,0,1,1,1,0,0,0,0,1,1,0,0,1,1,0,1,1,1,-1,1,0,1,1,1,1,1,2
cell_101-BPA-5-RSX,0,-1,1,0,1,1,-1,1,1,1,1,0,0,-1,0,0,0,1,0,0,0,-1,0,1,-1,0,0,0,0,1,1,1,0,1,1,1,0,4
cell_102-BPA-5-RSX,1,0,0,0,1,0,0,1,1,1,0,1,1,1,1,0,0,0,0,0,-1,0,0,1,0,0,1,1,1,0,1,0,1,1,1,1,1,2
cell_103-BPA-5-RSX,0,0,0,1,0,0,-1,1,1,1,0,0,0,1,1,0,0,0,1,0,0,-1,0,1,0,0,1,0,0,1,1,0,0,1,1,1,1,2
cell_104-BPA-5-RSX,0,0,0,1,1,0,0,0,1,0,0,0,0,0,0,0,0,0,1,1,0,0,0,0,0,0,1,0,0,0,1,0,1,1,0,0,0,4
cell_105-BPA-5-RSX,1,0,0,1,0,-1,0,0,0,1,1,-1,1,0,1,0,0,0,1,0,0,0,0,0,0,0,0,0,1,1,0,-1,1,0,0,0,0,3
cell_106-BPA-5-RSX,0,0,0,0,0,1,0,0,1,1,1,0,1,1,1,0,0,0,0,1,1,0,0,1,0,0,1,1,0,0,1,1,1,1,1,1,1,3
cell_107-BPA-5-RSX,1,0,0,0,0,1,-1,1,0,0,0,0,1,0,0,0,0,1,0,1,-1,-1,0,0,1,1,1,0,0,0,0,1,0,1,0,1,0,0
cell_108-BPA-5-RSX,0,0,0,0,1,1,0,1,0,0,1,0,0,1,1,1,0,0,0,0,0,0,0,0,1,1,0,0,1,0,0,0,1,0,0,1,0,4
cell_109-BPA-5-RSX,0,-1,0,1,0,0,-1,1,1,1,0,0,0,0,1,0,0,1,1,0,0,-1,-1,0,0,0,1,0,1,1,0,0,1,1,0,0,0,3
cell_11-BPA-5-RSX,0,0,1,0,1,0,-1,1,0,0,0,1,1,0,0,1,-1,0,0,-1,0,-1,0,0,1,-1,1,0,1,1,1,1,1,1,0,1,0,4
cell_110-BPA-5-RSX,1,0,1,1,0,1,0,1,1,0,0,0,0,0,1,1,0,1,1,0,0,0,0,1,0,0,1,0,0,0,0,1,0,1,1,0,0,4
cell_111-BPA-5-RSX,0,0,0,1,0,1,0,1,0,0,1,1,0,0,0,0,-1,1,0,0,0,0,0,0,1,0,0,0,0,0,1,1,1,0,0,1,0,0
cell_112-BPA-5-RSX,0,0,0,1,0,1,0,1,1,0,0,0,0,1,1,0,0,0,0,1,0,0,0,0,1,1,1,0,1,0,1,1,0,1,0,1,0,4
cell_113-BPA-5-RSX,1,0,0,1,0,0,0,1,1,1,0,0,0,1,1,0,0,0,0,1,1,0,0,0,0,1,1,1,1,0,1,0,1,1,0,1,1,2
cell_114-BPA-5-RSX,1,0,1,1,0,1,0,1,1,1,1,0,1,1,1,1,0,0,0,0,-1,0,0,1,0,1,1,1,1,1,1,1,1,1,1,1,1,2
cell_115-BPA-5-RSX,1,0,0,1,0,-1,-1,0,0,1,1,0,0,0,0,0,0,1,1,1,0,-1,0,0,0,1,1,0,1,0,0,-1,0,1,0,0,0,4
cell_116-BPA-5-RSX,0,0,0,0,1,0,-1,1,1,1,1,0,0,1,1,0,0,0,0,0,1,-1,0,1,1,0,0,-1,0,1,1,0,0,0,1,1,0,4
cell_117-BPA-5-RSX,0,0,0,0,1,1,-1,0,0,0,0,0,1,1,1,-1,-1,1,0,1,-1,-1,0,0,1,0,0,0,1,1,-1,1,0,0,0,1,0,2
cell_118-BPA-5-RSX,0,0,0,1,1,0,0,0,0,0,0,1,1,1,1,0,0,1,0,1,0,0,0,0,0,0,0,0,1,1,0,0,0,0,0,1,0,4
cell_119-BPA-5-RSX,0,0,1,1,-1,1,0,1,0,0,1,1,1,0,0,1,0,1,1,0,0,0,-1,1,-1,0,0,0,1,1,-1,1,0,0,1,1,0,3
cell_12-BPA-5-RSX,0,0,0,1,1,0,0,1,1,1,0,0,1,1,0,1,0,1,1,0,0,0,0,0,1,-1,1,0,1,1,0,0,0,1,0,0,0,4
cell_120-BPA-5-RSX,0,0,1,0,0,1,0,0,1,1,0,0,1,0,1,0,0,0,0,0,0,0,0,1,0,0,1,0,1,1,0,1,1,1,1,1,0,0
cell_121-BPA-5-RSX,0,0,0,1,1,0,0,0,1,0,-1,0,-1,1,0,1,0,1,1,0,0,0,0,0,0,0,1,0,1,-1,1,0,0,1,0,1,0,5
cell_122-BPA-5-RSX,0,0,0,1,1,0,0,1,1,1,0,0,1,1,1,0,-1,0,0,0,-1,0,0,0,0,0,1,0,1,0,1,0,1,1,0,1,1,2
cell_123-BPA-5-RSX,1,0,0,1,1,0,-1,1,0,1,1,0,1,1,1,0,0,0,0,0,0,-1,0,1,0,-1,0,0,1,1,0,0,1,0,1,0,0,4
cell_124-BPA-5-RSX,1,0,1,0,1,1,0,1,1,1,0,0,0,1,1,0,0,0,0,0,-1,0,0,0,1,0,1,1,1,1,1,1,1,1,0,1,1,2
cell_125-BPA-5-RSX,0,0,0,1,0,0,0,1,0,1,1,0,1,1,1,0,0,0,0,0,-1,0,0,0,-1,0,0,0,1,-1,0,0,1,0,0,0,0,2
cell_126-BPA-5-RSX,1,0,1,1,0,0,0,1,0,0,1,0,0,1,0,0,0,0,0,0,0,0,0,1,0,0,0,0,0,0,0,0,0,0,1,0,0,0
cell_127-BPA-5-RSX,0,0,0,1,0,1,0,1,1,0,0,0,1,1,0,1,0,0,0,1,0,0,0,1,0,0,1,0,0,0,0,1,0,1,1,0,0,4
cell_128-BPA-5-RSX,0,0,1,0,0,0,0,0,0,0,1,0,1,1,1,1,0,1,0,0,0,0,0,0,1,-1,1,0,1,-1,0,0,0,1,0,1,0,5
cell_129-BPA-5-RSX,0,0,0,1,1,0,0,0,1,1,1,0,0,0,-1,1,-1,0,1,-1,0,0,-1,0,0,0,0,0,1,1,1,0,1,0,0,1,0,4
cell_13-BPA-5-RSX,0,0,0,1,0,1,0,1,1,1,0,0,0,1,1,0,-1,0,0,1,1,0,0,0,1,0,1,0,1,0,1,1,0,1,0,1,1,4
cell_130-BPA-5-RSX,1,0,0,0,0,0,0,1,1,0,1,0,1,1,0,1,-1,0,1,0,0,0,0,1,0,-1,0,0,1,0,0,0,1,0,1,1,0,4
cell_131-BPA-5-RSX,1,0,1,0,1,1,0,0,0,0,1,0,1,0,1,0,0,0,0,1,0,0,0,0,1,0,1,0,1,1,1,1,1,1,0,1,0,0
cell_132-BPA-5-RSX,1,0,1,1,-1,0,0,1,1,0,1,0,1,1,1,0,0,1,1,1,0,0,0,1,-1,0,0,-1,1,1,0,0,1,0,1,0,0,3
cell_133-BPA-5-RSX,0,0,0,0,1,0,0,0,1,1,1,0,0,0,0,0,0,0,0,0,0,0,0,1,1,0,1,0,0,1,1,0,1,1,1,0,1,2
cell_134-BPA-5-RSX,1,0,0,0,1,0,0,1,1,1,0,0,1,1,0,0,0,0,0,1,0,0,0,1,0,0,0,0,1,0,0,0,1,0,1,1,0,2
cell_135-BPA-5-RSX,1,0,0,0,1,0,0,0,1,1,0,0,1,1,1,0,-1,0,1,0,0,0,0,0,0,0,0,0,1,1,0,0,1,0,0,0,0,4
cell_136-BPA-5-RSX,1,0,1,1,0,1,0,1,1,0,0,0,0,0,0,0,0,0,1,0,0,0,0,0,0,1,1,0,0,0,1,1,1,1,0,1,0,4
cell_137-BPA-5-RSX,0,0,1,0,0,0,0,1,1,0,1,0,1,1,0,1,0,1,0,0,0,0,0,1,0,0,1,0,0,1,1,0,1,1,1,0,0,5
cell_138-BPA-5-RSX,1,0,1,0,0,1,0,0,0,0,0,1,0,0,1,0,0,0,0,1,0,0,0,1,1,-1,1,1,0,0,1,1,1,1,1,0,0,4
cell_139-BPA-5-RSX,0,-1,0,0,0,0,0,1,0,0,1,0,0,1,0,0,0,1,1,0,0,0,0,0,1,0,1,0,0,1,1,0,0,1,0,0,0,4
cell_14-BPA-5-RSX,0,-1,1,1,1,1,0,1,0,1,0,-1,1,1,1,1,0,1,0,1,0,0,0,0,0,0,1,0,0,0,1,1,1,1,0,1,0,5
cell_140-BPA-5-RSX,1,0,0,1,1,0,-1,0,0,0,1,1,0,0,0,1,0,1,1,0,0,-1,0,0,1,1,1,0,0,1,1,0,1,1,0,0,0,4
cell_141-BPA-5-RSX,1,0,0,1,1,1,0,0,1,1,0,1,0,1,1,1,-1,1,0,0,0,0,0,0,0,0,0,0,1,0,1,1,1,0,0,1,0,4
cell_142-BPA-5-RSX,1,0,1,0,0,1,0,1,1,1,1,0,0,1,0,0,0,1,0,1,0,0,0,1,-1,1,1,0,1,1,0,1,0,1,1,1,0,3
cell_143-BPA-5-RSX,0,0,0,1,0,1,0,1,0,1,1,0,0,1,1,1,0,0,1,1,0,0,0,1,1,0,1,0,1,-1,1,1,1,1,1,0,0,4
cell_144-BPA-5-RSX,1,0,1,1,1,1,0,1,1,1,0,0,0,1,1,1,0,0,0,1,0,0,0,0,0,0,1,1,0,0,1,1,1,1,0,1,1,3
cell_145-BPA-5-RSX,1,0,0,1,1,1,0,0,0,1,1,0,0,1,1,0,0,0,0,1,0,0,0,1,1,0,1,1,0,1,1,1,0,1,1,0,0,5
cell_146-BPA-5-RSX,0,0,0,0,0,0,0,1,1,0,0,0,1,1,0,1,-1,1,0,1,0,0,0,0,0,0,1,1,1,0,-1,0,0,1,0,0,0,4
cell_147-BPA-5-RSX,0,0,0,1,0,0,0,1,1,1,0,0,1,1,1,1,0,0,1,1,0,0,0,0,0,0,0,0,1,1,1,0,1,0,0,1,0,4
cell_148-BPA-5-RSX,1,0,0,1,0,1,0,0,1,1,0,0,1,1,1,1,0,0,0,0,1,0,0,1,1,0,-1,1,1,0,1,1,0,-1,1,-1,1,2
cell_149-BPA-5-RSX,0,0,0,1,1,-1,0,1,0,0,1,0,-1,0,0,1,-1,1,0,0,0,0,-1,-1,1,1,0,0,0,0,0,-1,1,0,-1,0,0,4
cell_15-BPA-5-RSX,1,0,0,0,0,0,-1,1,0,0,1,1,-1,0,0,0,0,0,0,0,1,-1,0,1,-1,0,0,0,0,0,1,0,1,0,1,-1,0,5
cell_150-BPA-5-RSX,0,0,0,0,1,0,0,1,1,1,0,1,1,0,1,0,0,1,1,0,0,0,0,0,1,0,1,0,0,0,1,0,0,1,0,0,0,5
cell_151-BPA-5-RSX,1,0,1,0,0,1,0,1,0,0,0,0,1,0,1,0,-1,1,0,1,-1,0,0,0,0,0,0,0,0,-1,0,1,1,0,0,0,0,4
cell_152-BPA-5-RSX,0,0,0,1,1,0,0,1,1,0,1,0,0,1,0,0,0,1,0,0,-1,0,0,0,1,-1,1,0,1,0,0,0,0,1,0,0,0,4
cell_153-BPA-5-RSX,0,0,0,1,1,0,0,0,0,1,1,0,0,0,1,0,-1,1,1,0,0,0,0,0,0,0,0,0,1,1,1,1,0,0,0,1,0,4
cell_154-BPA-5-RSX,1,0,1,0,1,1,0,1,1,1,1,1,1,1,1,0,0,1,0,1,0,0,0,0,1,0,0,0,0,0,0,1,0,0,0,0,0,3
cell_155-BPA-5-RSX,1,0,0,1,0,1,-1,1,0,0,0,0,0,1,-1,1,-1,1,-1,0,0,-1,0,0,0,0,0,0,0,0,0,1,0,0,0,0,0,4
cell_156-BPA-5-RSX,1,0,1,0,1,0,-1,1,1,0,1,1,0,0,0,0,0,1,1,0,0,-1,0,0,1,0,1,0,0,0,1,0,1,1,0,1,0,5
cell_157-BPA-5-RSX,1,0,0,0,1,1,0,0,1,1,1,0,1,1,1,0,0,0,0,0,1,0,0,0,0,0,-1,0,1,0,1,1,1,-1,0,1,1,2
cell_158-BPA-5-RSX,1,0,0,1,1,0,0,1,1,1,0,0,0,0,1,0,0,0,1,0,0,0,0,0,0,0,0,0,1,0,1,0,0,0,0,0,0,4
cell_159-BPA-5-RSX,0,0,0,0,1,0,1,0,1,0,1,0,1,1,1,1,0,1,0,0,0,0,0,1,0,0,1,0,0,0,0,0,0,1,1,0,0,4
cell_16-BPA-5-RSX,1,0,0,0,0,1,0,1,1,0,1,0,0,0,1,1,-1,1,0,1,-1,0,0,0,1,0,1,0,0,0,1,1,0,1,0,1,0,4
cell_160-BPA-5-RSX,0,0,0,1,0,1,0,-1,0,1,1,1,1,1,0,1,-1,1,1,1,0,0,-1,1,0,-1,1,0,0,-1,0,1,0,1,1,1,0,4
cell_161-BPA-5-RSX,1,0,0,1,1,1,0,1,0,1,0,0,1,1,1,0,0,0,0,0,0,0,0,1,-1,0,1,0,0,1,1,1,0,1,1,1,1,3
cell_162-BPA-5-RSX,0,0,1,0,1,1,0,0,1,0,0,0,1,1,0,1,-1,0,0,1,0,0,0,1,1,0,0,0,1,0,0,1,1,0,1,1,0,4
cell_163-BPA-5-RSX,0,-1,1,1,0,1,-1,1,1,1,1,0,0,1,-1,1,0,1,1,0,0,-1,-1,0,0,0,0,0,1,0,0,1,0,0,0,-1,0,3
cell_164-BPA-5-RSX,1,0,1,0,1,1,0,1,0,1,0,0,0,1,0,1,0,1,1,0,0,0,-1,1,0,1,1,0,1,1,1,1,0,1,1,1,0,4
cell_165-BPA-5-RSX,1,0,1,0,0,1,0,0,1,1,1,0,0,1,1,1,0,0,0,0,-1,0,0,0,0,0,-1,0,1,0,1,1,0,-1,0,1,1,2
cell_166-BPA-5-RSX,0,0,1,0,1,1,0,1,0,0,1,-1,1,0,0,-1,0,0,1,0,0,0,0,1,1,1,0,0,0,0,0,1,1,0,1,0,0,4
cell_167-BPA-5-RSX,0,0,1,0,1,1,0,0,0,0,1,1,0,1,0,1,0,0,1,1,0,0,0,0,1,1,0,0,0,1,1,1,0,0,0,1,0,3
cell_168-BPA-5-RSX,1,0,0,1,1,0,0,1,0,1,0,0,-1,-1,1,0,0,1,1,1,-1,0,0,1,0,0,-1,0,0,0,1,0,0,-1,1,1,0,4
cell_169-BPA-5-RSX,1,0,0,1,0,1,0,1,1,1,1,0,1,0,0,1,0,0,0,0,-1,0,0,0,0,-1,0,0,1,-1,0,1,0,0,0,1,0,0
cell_17-BPA-5-RSX,0,0,1,0,1,1,0,0,0,0,1,-1,0,1,1,0,0,0,1,1,1,0,0,0,1,0,1,0,0,0,1,1,0,1,0,0,0,4
cell_170-BPA-5-RSX,0,0,1,0,0,0,0,0,1,1,1,0,1,1,1,0,0,0,0,0,0,0,0,1,1,0,1,1,0,-1,1,0,0,1,1,1,1,2
cell_171-BPA-5-RSX,1,0,0,1,1,0,0,1,1,1,1,1,0,1,1,1,-1,0,0,0,0,-1,0,1,-1,0,1,0,0,1,1,1,0,1,1,0,0,4
cell_172-BPA-5-RSX,1,0,1,1,0,0,0,1,1,0,0,0,1,1,1,-1,-1,0,1,1,0,0,0,0,0,0,1,0,1,0,0,0,0,1,0,0,0,4
cell_173-BPA-5-RSX,0,-1,1,1,0,0,0,1,1,1,0,0,0,1,1,0,-1,0,0,0,-1,0,0,1,0,1,1,1,1,0,1,0,0,1,1,1,1,2
cell_174-BPA-5-RSX,0,0,1,1,1,0,0,1,0,1,1,0,1,1,1,0,-1,0,0,1,0,0,0,1,0,0,1,0,0,1,1,0,1,1,1,0,0,4
cell_175-BPA-5-RSX,0,0,0,0,0,0,0,1,1,1,0,0,1,0,0,1,0,0,0,0,0,0,0,1,0,0,0,0,0,0,1,0,1,0,1,1,0,3
cell_176-BPA-5-RSX,0,0,1,1,0,1,0,1,0,1,0,0,0,0,1,0,-1,0,1,1,0,0,-1,0,0,1,1,0,0,-1,1,1,1,1,0,1,0,4
cell_177-BPA-5-RSX,0,0,0,0,1,0,0,1,1,0,1,1,0,1,0,0,0,0,0,0,0,0,0,0,1,0,1,1,0,0,1,0,0,1,0,1,0,3
cell_178-BPA-5-RSX,1,-1,0,0,0,1,0,1,0,0,0,1,1,0,0,0,0,1,0,1,0,1,-1,1,1,1,1,0,0,0,1,1,1,1,1,1,0,3
cell_179-BPA-5-RSX,0,0,0,0,0,1,0,1,0,1,0,0,0,0,0,1,-1,1,0,0,0,0,-1,1,0,0,0,0,0,0,0,1,0,0,1,1,0,0
cell_18-BPA-5-RSX,1,0,1,0,0,0,0,1,0,1,0,0,0,0,0,0,0,0,0,0,0,0,0,0,-1,0,0,0,0,1,0,0,1,0,0,1,0,3
cell_180-BPA-5-RSX,1,0,1,0,0,1,0,0,0,0,0,1,1,1,1,0,0,0,1,0,1,0,0,1,1,0,0,0,0,0,1,1,0,0,1,1,0,2
cell_181-BPA-5-RSX,0,0,0,-1,0,0,0,1,1,1,1,0,0,1,1,1,0,0,0,-1,1,0,0,1,1,1,1,1,1,1,1,0,1,1,1,1,1,2
cell_182-BPA-5-RSX,0,0,0,0,1,1,0,1,1,1,1,0,1,1,1,0,0,0,0,0,1,0,0,0,1,0,1,0,0,0,1,1,0,1,0,1,1,4
cell_183-BPA-5-RSX,1,1,0,1,0,0,0,1,1,1,0,0,0,-1,1,1,0,0,0,0,-1,0,0,0,0,0,1,1,1,1,1,0,1,1,0,1,1,2
cell_184-BPA-5-RSX,1,0,1,1,0,1,0,1,1,1,1,0,0,1,1,1,0,0,1,0,0,0,0,0,0,0,0,0,1,0,0,1,0,0,0,0,0,3
cell_185-BPA-5-RSX,0,0,0,0,0,1,0,0,1,1,0,0,1,1,1,0,0,1,0,0,-1,0,0,0,1,0,1,0,0,0,1,1,1,1,0,1,0,2
cell_186-BPA-5-RSX,1,0,1,0,0,1,0,1,0,1,0,0,0,0,1,0,-1,0,1,1,0,0,-1,1,1,0,0,0,1,1,0,1,0,0,1,1,0,3
cell_187-BPA-5-RSX,1,-1,0,1,-1,0,0,1,1,1,1,0,0,1,1,0,0,1,0,0,0,0,0,1,0,1,1,0,1,1,0,0,1,1,1,-1,0,4
cell_188-BPA-5-RSX,0,0,0,0,0,1,0,0,1,1,1,1,0,1,1,0,0,0,0,0,-1,0,0,1,0,0,1,0,1,1,1,1,1,1,1,1,1,2
cell_189-BPA-5-RSX,0,0,1,1,0,1,0,0,0,0,1,0,0,1,0,0,-1,1,0,1,0,0,0,0,-1,0,0,0,0,1,0,1,0,0,0,1,0,4
cell_19-BPA-5-RSX,1,0,0,0,1,1,0,1,0,0,1,0,1,0,1,0,0,1,1,0,0,0,0,0,0,0,0,0,0,1,1,1,0,0,0,1,0,0
cell_190-BPA-5-RSX,1,0,0,1,1,1,0,1,0,1,1,1,1,1,1,0,0,0,0,0,0,0,0,0,1,0,1,0,0,0,0,1,0,1,0,1,0,2
cell_191-BPA-5-RSX,0,0,1,1,1,0,0,0,1,1,1,0,1,1,1,0,-1,-1,0,1,1,0,0,1,1,0,-1,0,1,1,1,0,0,-1,1,-1,1,2
cell_192-BPA-5-RSX,1,0,1,1,0,1,0,1,1,1,0,0,1,1,1,0,0,0,0,0,1,0,0,1,0,0,1,1,0,1,1,1,1,1,1,1,1,2
cell_193-BPA-5-RSX,0,0,-1,1,1,1,0,1,0,1,0,0,0,1,1,0,0,1,0,1,0,0,0,1,0,0,0,0,0,1,1,1,0,0,1,1,0,4
cell_194-BPA-5-RSX,1,0,0,1,0,0,0,1,1,1,0,1,1,1,-1,0,0,0,0,1,-1,0,0,1,1,0,-1,0,1,1,1,0,1,-1,1,1,1,2
cell_195-BPA-5-RSX,0,0,0,0,1,1,0,0,1,0,0,0,1,0,0,0,0,1,0,0,0,0,0,1,1,0,1,0,0,0,1,1,0,1,1,0,0,0
cell_196-BPA-5-RSX,1,0,0,0,0,1,0,1,0,1,1,0,1,1,1,0,0,0,1,1,0,0,-1,0,-1,0,-1,0,0,0,1,1,0,-1,0,1,0,3
cell_197-BPA-5-RSX,1,0,1,1,0,1,0,1,1,1,1,0,0,1,1,0,0,0,0,0,-1,0,0,1,0,0,-1,1,0,1,1,1,1,-1,1,1,1,2
cell_198-BPA-5-RSX,1,0,1,0,0,1,0,0,1,0,0,0,1,1,1,0,0,0,1,0,0,0,0,1,1,0,1,0,0,0,1,1,0,1,1,0,0,4
cell_199-BPA-5-RSX,1,0,1,0,0,1,0,0,1,1,1,0,0,1,0,0,-1,1,0,0,0,0,0,1,1,0,1,0,1,0,0,1,1,1,1,1,0,4
cell_2-BPA-5-RSX,1,0,0,1,0,0,0,0,1,1,1,0,0,0,1,0,0,1,1,0,0,0,0,1,0,0,1,0,0,0,1,0,1,1,1,1,0,5
cell_20-BPA-5-RSX,1,0,0,0,0,0,0,1,0,0,0,0,1,1,1,1,-1,1,0,1,0,0,0,0,-1,1,0,0,1,1,1,0,1,0,0,1,0,3
cell_200-BPA-5-RSX,0,-1,0,-1,-1,0,0,0,-1,-1,1,0,1,0,1,0,-1,1,1,0,0,0,0,1,1,0,1,0,1,0,-1,0,1,1,1,-1,0,2
cell_201-BPA-5-RSX,1,-1,1,1,0,1,0,1,1,1,1,0,0,1,0,0,0,0,0,1,0,0,0,0,-1,0,1,0,1,0,1,1,1,1,0,1,0,3
cell_202-BPA-5-RSX,1,0,1,0,0,0,0,0,0,0,1,1,1,1,0,0,-1,-1,1,0,0,0,-1,1,0,0,0,0,1,-1,0,0,0,0,1,0,0,0
cell_203-BPA-5-RSX,1,0,1,1,0,0,0,1,1,1,0,0,0,1,1,0,0,0,0,1,1,0,0,0,1,0,1,1,1,0,0,0,1,1,0,1,0,3
cell_204-BPA-5-RSX,0,0,0,0,1,0,0,0,1,0,1,1,1,0,1,0,0,1,1,1,0,0,0,1,1,1,0,0,0,1,1,0,1,0,1,0,0,3
cell_205-BPA-5-RSX,0,0,0,0,1,0,0,0,1,1,1,0,1,0,1,1,0,0,0,0,0,0,0,1,1,0,1,0,1,0,1,0,0,1,1,1,0,4
cell_206-BPA-5-RSX,1,0,1,0,1,1,0,1,0,1,1,0,1,1,1,1,0,1,0,0,0,0,0,0,1,1,1,0,1,0,1,1,1,1,0,1,0,3
cell_207-BPA-5-RSX,0,0,1,0,0,1,0,0,1,1,1,1,1,1,1,0,-1,0,0,0,0,0,0,1,0,0,0,0,1,1,0,1,0,0,1,0,0,4
cell_208-BPA-5-RSX,0,0,0,1,1,0,0,1,1,1,1,0,1,1,1,0,0,0,0,0,1,0,0,1,0,0,1,1,0,0,1,0,1,1,1,1,1,3
cell_209-BPA-5-RSX,1,0,0,1,0,0,0,0,1,1,0,1,0,1,1,0,0,0,0,1,-1,0,0,0,0,0,1,1,1,0,1,0,1,1,0,1,1,2
cell_21-BPA-5-RSX,0,0,1,1,1,1,0,1,0,0,0,0,1,0,0,1,0,0,0,0,0,0,0,0,0,1,1,0,0,1,0,1,0,1,0,0,0,3
cell_210-BPA-5-RSX,1,0,1,0,0,1,0,0,1,0,1,0,0,0,0,1,0,0,0,1,0,0,0,1,1,0,0,0,0,1,1,1,1,0,1,0,0,4
cell_211-BPA-5-RSX,1,0,1,0,0,1,0,0,1,0,1,0,0,0,0,1,0,1,1,0,0,0,0,1,0,0,1,0,1,1,1,1,1,1,1,1,0,4
cell_212-BPA-5-RSX,0,0,0,1,1,1,0,1,1,1,1,0,0,1,1,0,0,0,0,1,-1,0,0,1,0,0,-1,1,1,0,1,1,1,-1,1,1,1,4
cell_213-BPA-5-RSX,0,0,1,0,0,0,0,1,1,1,1,0,0,0,1,1,0,1,1,0,0,0,0,1,0,0,0,0,0,1,1,0,1,0,1,0,0,4
cell_214-BPA-5-RSX,0,0,1,1,1,1,0,0,1,1,1,0,0,0,0,1,0,1,1,0,0,0,0,0,-1,0,1,0,1,0,1,1,0,1,0,-1,0,3
cell_215-BPA-5-RSX,1,0,0,1,1,1,0,1,0,0,0,0,1,0,0,0,0,0,1,0,0,0,0,1,1,0,0,0,0,0,1,1,1,0,1,0,0,4
cell_216-BPA-5-RSX,1,0,0,0,0,0,0,0,1,1,1,0,1,1,1,0,0,0,0,1,-1,0,0,1,0,0,1,1,0,1,1,0,1,1,1,1,1,2
cell_217-BPA-5-RSX,1,-1,0,0,1,1,0,1,0,1,1,0,1,0,1,0,0,0,1,0,0,0,0,1,1,1,0,0,-1,1,1,1,0,0,1,1,0,4
cell_218-BPA-5-RSX,1,0,0,0,1,0,0,1,1,0,1,0,-1,1,0,1,0,0,1,0,-1,0,0,0,1,0,0,0,1,0,0,0,0,0,0,1,0,4
cell_219-BPA-5-RSX,1,-1,1,1,0,1,0,1,1,0,1,1,1,1,1,1,0,0,1,1,0,0,0,0,0,0,-1,0,1,1,1,1,0,-1,0,1,0,3
cell_22-BPA-5-RSX,1,0,0,0,1,1,0,1,1,0,1,1,0,1,0,1,0,0,0,0,0,0,0,0,1,0,1,0,1,0,0,1,0,1,0,1,0,0
cell_220-BPA-5-RSX,1,-1,1,1,0,0,-1,1,1,0,0,1,0,0,1,0,0,0,0,0,0,-1,0,1,0,0,1,0,1,0,1,0,1,1,1,1,1,4
cell_221-BPA-5-RSX,1,0,1,0,0,0,0,1,1,1,0,0,0,1,1,0,0,0,0,0,1,0,0,1,0,0,1,0,0,0,1,0,1,1,1,1,1,2
cell_222-BPA-5-RSX,1,0,1,0,1,1,0,1,1,0,1,0,0,0,0,0,0,0,1,0,0,0,0,0,1,0,0,0,0,1,0,1,1,0,0,1,0,4
cell_223-BPA-5-RSX,0,0,1,0,1,0,0,0,0,1,1,0,0,0,1,0,-1,1,0,0,0,0,0,0,0,0,0,0,0,1,0,0,1,0,0,1,0,4
cell_224-BPA-5-RSX,0,-1,1,1,-1,0,-1,1,0,1,1,-1,1,1,0,0,0,0,0,0,0,-1,0,1,1,1,0,0,1,0,0,0,0,0,1,1,0,0
cell_225-BPA-5-RSX,0,0,0,1,1,1,0,1,1,1,1,1,0,-1,1,0,0,0,0,1,1,0,0,1,0,0,-1,0,0,0,1,1,1,-1,1,-1,1,3
cell_226-BPA-5-RSX,1,0,0,0,0,0,0,0,1,1,1,0,0,1,1,0,-1,0,0,1,-1,0,0,0,-1,0,1,0,0,0,1,0,1,1,0,0,0,4
cell_227-BPA-5-RSX,0,0,0,1,1,0,0,0,1,0,1,1,1,1,0,0,0,1,0,1,0,0,0,0,0,0,0,0,0,0,1,0,1,0,0,0,0,4
cell_228-BPA-5-RSX,0,0,0,0,0,1,0,1,1,0,1,1,1,0,1,0,0,1,1,0,0,0,0,0,1,0,0,0,0,0,1,1,0,0,0,0,0,0
cell_229-BPA-5-RSX,1,0,0,1,0,1,-1,0,0,1,0,0,1,1,1,1,0,0,0,0,0,-1,0,1,0,0,0,0,0,0,0,1,1,0,1,1,0,4
cell_23-BPA-5-RSX,0,0,1,0,0,0,0,0,1,0,0,0,0,1,0,0,0,1,0,0,0,0,0,1,1,-1,0,0,0,0,1,0,1,0,1,1,0,4
cell_230-BPA-5-RSX,1,1,0,1,0,0,0,1,1,1,1,0,1,1,1,0,-1,1,0,0,0,0,0,1,1,0,1,0,0,0,1,0,1,1,1,0,0,2
cell_231-BPA-5-RSX,0,0,0,1,1,1,0,0,0,0,0,0,0,1,0,1,0,1,0,0,0,0,-1,0,0,0,0,0,1,0,1,1,1,0,0,0,0,0
cell_232-BPA-5-RSX,0,0,0,1,0,0,0,0,1,1,0,0,1,1,1,0,0,0,0,1,0,0,0,0,1,0,1,0,0,1,1,0,0,1,0,0,0,3
cell_233-BPA-5-RSX,0,0,1,0,1,1,0,0,1,1,1,0,1,1,1,1,0,0,1,0,0,0,0,0,1,1,0,0,1,1,0,1,1,0,0,1,0,4
cell_234-BPA-5-RSX,0,0,0,0,0,0,0,1,1,1,1,0,1,0,0,0,0,1,0,0,0,0,0,0,1,0,1,0,0,1,0,0,1,1,0,1,0,4
cell_235-BPA-5-RSX,1,1,0,1,0,0,0,1,1,1,1,0,0,1,1,1,0,1,0,0,0,0,0,1,0,0,1,0,0,-1,0,0,0,1,1,1,0,3
cell_236-BPA-5-RSX,0,0,0,0,1,1,0,1,1,1,1,0,0,1,1,0,0,0,0,0,-1,0,0,1,1,0,1,0,1,1,1,1,0,1,1,1,1,2
cell_237-BPA-5-RSX,0,0,0,0,0,0,0,0,1,1,1,0,0,1,1,0,0,0,0,1,1,1,0,0,0,0,1,0,0,0,1,0,1,1,0,1,1,3
cell_238-BPA-5-RSX,0,0,0,1,0,0,0,0,1,0,1,0,0,1,1,0,0,1,1,0,0,0,0,1,0,0,1,0,0,1,1,0,0,1,1,1,0,5
cell_239-BPA-5-RSX,0,0,1,1,0,1,0,0,0,0,0,0,1,0,1,1,0,1,1,1,0,0,0,1,1,0,1,0,1,0,1,1,1,1,1,0,0,3
cell_24-BPA-5-RSX,1,0,1,0,1,1,0,0,0,1,0,0,0,0,0,0,-1,1,0,0,0,0,0,1,0,1,1,0,1,1,0,1,0,1,1,1,0,3
cell_240-BPA-5-RSX,0,0,1,0,0,0,-1,1,1,1,1,0,1,1,1,0,0,0,0,0,-1,-1,0,0,0,0,-1,0,1,1,1,0,0,-1,0,1,1,4
cell_241-BPA-5-RSX,0,0,0,0,1,0,0,1,0,0,0,0,1,0,0,0,0,1,0,1,0,0,0,1,0,0,0,0,0,1,0,0,1,0,1,0,0,4
cell_242-BPA-5-RSX,0,0,1,0,0,1,0,1,1,1,1,0,0,1,1,0,0,0,0,0,1,0,0,0,0,0,1,0,1,0,1,1,1,1,0,1,1,2
cell_243-BPA-5-RSX,0,0,1,1,0,1,0,1,1,1,0,1,1,1,1,0,0,0,0,0,-1,0,0,1,1,1,-1,1,1,0,1,1,1,-1,1,1,1,4
cell_244-BPA-5-RSX,1,-1,0,1,1,1,0,1,1,1,0,0,1,1,1,0,0,0,0,0,0,0,0,0,0,0,1,1,0,0,1,1,0,1,0,1,1,2
cell_245-BPA-5-RSX,0,0,0,0,1,0,0,1,1,1,0,1,0,1,1,1,-1,0,0,1,1,0,0,0,0,1,1,1,1,1,1,0,0,1,0,1,1,2
cell_246-BPA-5-RSX,0,0,1,0,1,1,0,1,0,0,1,-1,1,0,1,0,0,1,0,1,0,0,0,0,-1,0,1,0,1,1,1,1,0,1,0,0,0,4
cell_247-BPA-5-RSX,1,0,0,1,1,0,0,0,1,1,1,0,0,0,-1,0,-1,1,1,0,0,0,0,0,0,1,1,0,1,1,1,0,0,1,0,1,0,3
cell_248-BPA-5-RSX,1,0,1,0,1,1,-1,0,0,0,1,0,0,0,1,1,0,0,0,1,0,-1,0,0,0,-1,-1,0,0,0,1,1,0,-1,0,1,0,4
cell_249-BPA-5-RSX,1,0,1,1,1,1,0,1,1,1,0,0,1,1,1,0,0,0,0,1,-1,0,0,1,1,1,1,0,1,1,1,1,0,1,1,1,1,2
cell_25-BPA-5-RSX,0,0,0,1,0,0,0,0,0,1,1,0,1,0,0,0,0,1,0,0,0,0,0,1,1,0,0,0,0,0,0,0,1,0,1,1,0,5
cell_250-BPA-5-RSX,0,-1,1,0,1,0,-1,0,1,1,1,0,1,1,1,1,0,0,0,0,-1,-1,-1,1,0,0,1,0,0,1,1,0,1,1,1,1,1,3
cell_251-BPA-5-RSX,0,0,0,0,1,1,0,1,0,1,1,0,1,0,0,1,0,0,1,0,0,0,0,1,1,0,0,0,0,0,0,1,1,0,1,1,0,3
cell_252-BPA-5-RSX,1,0,0,1,1,1,0,1,1,1,0,0,0,1,1,0,0,0,0,0,1,0,0,0,0,0,1,1,1,0,1,1,1,1,0,1,1,4
cell_253-BPA-5-RSX,1,0,1,1,0,1,0,1,-1,0,1,1,0,0,-1,1,-1,0,1,-1,0,0,0,0,1,0,0,0,1,1,1,1,0,0,0,0,0,4
cell_254-BPA-5-RSX,0,0,0,1,1,1,0,1,1,1,0,1,1,1,1,1,-1,0,0,0,0,0,0,0,0,0,1,0,1,1,1,1,0,1,0,1,1,2
cell_255-BPA-5-RSX,1,0,0,1,0,1,0,0,1,1,1,1,1,1,1,0,0,0,-1,0,-1,0,0,0,1,0,1,1,1,0,1,1,0,1,0,1,1,2
cell_256-BPA-5-RSX,1,0,1,0,0,0,0,0,0,1,0,0,1,0,1,1,0,1,1,0,0,0,0,1,1,0,1,0,1,1,0,0,1,1,1,1,0,0
cell_257-BPA-5-RSX,0,0,0,0,0,0,0,0,1,1,1,0,1,1,0,1,0,0,0,0,0,0,0,1,1,0,1,1,1,1,1,0,0,1,1,-1,0,2
cell_258-BPA-5-RSX,1,0,0,0,0,0,0,0,0,1,1,0,1,1,1,1,0,1,0,1,0,0,0,1,1,0,0,0,1,0,0,0,0,0,1,1,0,4
cell_259-BPA-5-RSX,1,0,0,0,0,0,0,1,1,1,1,0,1,1,1,0,0,0,0,0,-1,0,0,0,1,0,1,0,0,1,1,0,1,1,0,1,1,2
cell_26-BPA-5-RSX,0,0,0,0,0,1,-1,0,1,1,0,1,1,1,1,1,0,1,1,0,0,-1,0,0,1,1,1,0,1,0,0,1,1,1,0,0,0,3
cell_260-BPA-5-RSX,0,0,0,1,1,1,0,1,1,0,0,1,1,0,1,0,-1,0,1,0,0,0,0,0,1,-1,0,0,0,0,1,1,0,0,0,1,0,4
cell_261-BPA-5-RSX,0,0,0,0,1,1,0,1,0,0,0,0,0,0,1,1,0,0,1,1,0,0,0,0,1,0,1,0,0,0,1,0,1,1,0,1,0,3
cell_262-BPA-5-RSX,0,0,0,1,0,1,0,0,1,1,0,1,0,0,1,0,0,1,1,0,0,0,0,1,0,-1,1,0,1,1,1,1,1,1,1,0,0,0
cell_263-BPA-5-RSX,1,0,0,1,1,0,0,1,1,1,1,0,1,1,1,0,0,0,0,0,-1,0,0,1,1,0,1,1,1,0,1,0,1,1,1,1,1,2
cell_264-BPA-5-RSX,1,0,0,0,1,1,0,0,1,1,0,0,1,1,1,0,0,0,0,0,-1,0,0,1,1,0,-1,0,1,-1,1,1,1,-1,1,-1,1,2
cell_265-BPA-5-RSX,1,0,1,1,0,1,0,0,0,1,1,0,1,0,0,1,0,0,1,0,0,0,0,0,0,0,1,0,1,0,1,1,1,1,0,-1,0,3
cell_266-BPA-5-RSX,0,0,0,1,1,0,0,1,1,1,1,0,0,1,1,0,0,0,0,0,1,0,0,1,0,0,-1,0,1,0,1,0,0,-1,1,-1,1,2
cell_267-BPA-5-RSX,1,0,0,1,1,1,0,0,1,1,1,0,1,1,1,0,0,0,0,0,0,0,0,0,0,1,0,1,0,1,0,1,1,0,0,1,0,3
cell_268-BPA-5-RSX,1,0,1,0,1,1,0,1,1,0,1,0,0,0,1,0,0,1,0,0,0,0,0,1,-1,0,1,-1,0,0,1,1,0,1,1,1,0,3
cell_269-BPA-5-RSX,0,0,0,1,0,0,-1,1,1,1,1,0,1,1,1,0,-1,0,0,0,-1,-1,0,1,0,-1,1,1,1,0,1,0,0,1,1,1,1,3
cell_27-BPA-5-RSX,0,0,1,0,1,0,0,0,1,0,1,0,1,1,1,1,-1,1,1,0,0,0,0,1,0,0,1,0,1,-1,0,0,1,1,1,1,0,4
cell_270-BPA-5-RSX,0,0,1,0,1,0,0,0,1,1,0,0,0,0,1,0,0,0,1,0,0,1,0,0,0,0,0,0,0,1,0,0,0,0,0,-1,0,3
cell_271-BPA-5-RSX,1,-1,0,0,1,1,0,0,0,0,0,0,1,1,1,0,0,1,0,0,0,0,0,1,0,1,0,-1,1,0,1,1,0,0,1,0,0,4
cell_272-BPA-5-RSX,0,-1,0,0,1,1,0,0,1,0,0,0,0,1,1,1,0,1,1,0,0,0,0,1,1,0,0,0,1,1,0,1,0,0,1,0,0,4
cell_273-BPA-5-RSX,1,0,0,0,1,0,0,0,0,1,1,0,0,0,1,0,0,1,1,0,1,0,0,1,0,0,1,0,1,0,1,0,0,1,1,-1,0,4
cell_274-BPA-5-RSX,0,0,1,0,0,1,0,0,1,1,0,0,0,1,1,0,0,0,0,0,1,0,0,0,1,0,1,0,0,1,1,1,1,1,0,1,1,3
cell_275-BPA-5-RSX,1,0,0,1,1,1,0,1,1,1,0,0,0,1,1,1,0,0,0,1,-1,1,0,0,1,0,1,1,1,1,1,1,1,1,0,1,1,2
cell_276-BPA-5-RSX,0,0,0,1,0,1,0,0,1,1,0,0,0,1,1,0,0,0,0,0,-1,0,0,0,1,0,-1,1,0,0,1,1,0,-1,0,1,1,2
cell_277-BPA-5-RSX,0,0,-1,1,1,1,0,1,1,1,0,1,1,0,0,1,0,1,1,1,0,0,0,0,0,-1,1,0,1,1,0,1,1,1,0,1,0,4
cell_278-BPA-5-RSX,1,0,0,1,1,0,0,1,0,1,1,1,0,0,0,1,0,1,0,0,0,0,0,0,1,0,0,0,1,1,1,0,1,0,0,1,0,4
cell_279-BPA-5-RSX,1,0,1,1,1,1,0,0,1,0,0,1,0,0,0,0,0,0,0,0,0,0,0,0,0,0,0,0,0,0,1,1,1,0,0,0,0,3
cell_28-BPA-5-RSX,1,0,0,1,0,0,-1,1,1,1,0,0,0,1,1,0,0,0,0,0,-1,-1,0,1,1,1,1,0,1,1,1,0,0,1,1,1,1,2
cell_280-BPA-5-RSX,1,-1,0,1,0,1,0,0,0,0,0,0,0,0,1,0,0,1,1,0,0,0,0,0,0,0,1,0,0,1,0,1,1,1,0,1,0,0
cell_281-BPA-5-RSX,1,0,0,1,0,1,-1,1,0,0,0,0,1,1,1,1,0,1,1,0,0,-1,-1,0,-1,-1,0,0,0,0,1,1,0,0,0,1,0,5
cell_282-BPA-5-RSX,0,0,0,0,1,1,-1,0,1,1,1,0,1,0,0,1,0,1,0,0,0,-1,0,1,1,1,1,0,0,1,0,1,-1,1,1,0,0,4
cell_283-BPA-5-RSX,1,-1,0,0,1,0,0,0,0,0,1,1,0,0,1,1,0,0,0,1,0,0,0,1,-1,0,0,0,0,1,0,0,1,0,1,1,0,4
cell_284-BPA-5-RSX,1,0,0,0,1,0,0,0,0,-1,0,0,0,1,0,1,0,1,1,0,0,0,0,-1,0,0,0,0,1,1,0,0,0,0,-1,0,0,4
cell_285-BPA-5-RSX,0,0,1,1,1,1,0,0,0,1,0,1,0,1,-1,-1,0,0,1,0,-1,0,0,0,0,-1,0,0,1,-1,0,1,1,0,0,0,0,0
cell_286-BPA-5-RSX,1,0,1,0,0,1,0,1,1,1,1,0,1,1,1,0,0,1,0,0,0,0,0,0,1,0,1,0,0,0,1,1,0,1,0,1,0,2
cell_287-BPA-5-RSX,0,-1,0,1,0,0,0,1,1,1,1,0,0,0,1,0,0,1,1,0,0,0,-1,0,1,0,1,0,1,0,0,0,0,1,0,1,0,3
cell_288-BPA-5-RSX,0,0,0,1,0,0,0,0,1,1,0,0,0,-1,1,1,0,0,0,1,1,0,0,0,0,0,1,1,1,1,1,0,1,1,0,1,1,4
cell_289-BPA-5-RSX,0,0,1,1,0,1,-1,1,1,1,1,0,0,0,1,0,-1,1,1,0,0,-1,0,0,0,-1,1,0,0,1,0,1,0,1,0,1,0,4
cell_29-BPA-5-RSX,0,0,0,1,0,1,-1,1,1,1,1,0,0,1,1,1,0,0,0,1,-1,-1,-1,1,-1,1,1,1,0,0,1,1,1,1,1,-1,1,2
cell_290-BPA-5-RSX,1,0,1,0,1,1,0,1,1,1,1,0,0,1,1,0,0,0,0,0,-1,0,0,0,0,0,-1,0,1,1,1,1,0,-1,0,1,1,2
cell_291-BPA-5-RSX,1,0,1,1,0,0,0,1,1,0,0,0,1,0,0,1,-1,1,0,1,-1,0,0,1,1,-1,1,0,1,1,1,0,0,1,1,1,0,4
cell_292-BPA-5-RSX,1,0,1,1,1,1,-1,0,1,0,0,0,1,1,1,1,0,0,1,0,0,-1,0,1,1,0,0,0,1,1,1,1,1,0,1,1,0,0
cell_293-BPA-5-RSX,0,0,0,1,1,-1,0,1,0,1,0,1,1,1,1,0,0,0,0,1,0,0,0,0,1,-1,1,0,1,1,0,-1,1,1,0,1,0,3
cell_294-BPA-5-RSX,1,-1,1,1,0,0,0,1,0,1,0,0,0,1,1,1,-1,1,0,0,0,0,0,1,0,1,0,0,0,1,0,0,0,1,1,0,0,5
cell_295-BPA-5-RSX,0,0,1,1,0,0,0,0,1,0,1,1,1,1,1,0,0,1,1,0,0,0,0,0,1,-1,1,0,1,1,0,0,1,1,0,1,0,3
cell_296-BPA-5-RSX,0,0,1,1,0,1,0,1,1,1,0,0,1,1,0,1,0,0,0,0,-1,0,0,1,1,0,1,0,0,1,1,1,0,1,1,1,0,0
cell_297-BPA-5-RSX,0,0,1,0,1,0,-1,0,0,0,1,1,1,1,0,1,0,0,1,0,0,-1,-1,1,1,0,0,0,1,0,1,0,0,0,1,0,0,3
cell_298-BPA-5-RSX,0,0,1,1,0,1,0,1,0,0,1,0,0,0,0,1,0,1,0,1,0,0,-1,0,0,0,0,0,1,0,1,1,0,0,0,0,0,5
cell_299-BPA-5-RSX,0,0,1,1,0,0,0,1,1,1,0,0,1,0,0,1,-1,1,0,0,0,0,0,1,0,0,1,0,0,0,0,0,0,1,1,1,0,5
cell_3-BPA-5-RSX,0,0,0,0,0,-1,0,0,1,0,0,1,0,1,0,0,-1,1,1,0,0,0,-1,1,1,0,1,0,1,0,0,-1,0,1,1,1,0,4
cell_30-BPA-5-RSX,0,0,0,1,0,0,0,0,1,1,1,1,0,1,1,0,-1,0,0,1,1,0,0,0,0,-1,-1,0,1,1,1,0,1,-1,0,1,0,2
cell_300-BPA-5-RSX,1,0,1,1,0,0,0,1,1,1,0,0,0,1,1,0,0,0,0,0,0,0,0,1,1,0,1,0,1,1,0,0,1,1,1,1,0,2
cell_301-BPA-5-RSX,0,-1,0,0,1,0,0,1,1,0,1,0,0,1,1,0,0,0,1,0,-1,0,0,1,1,1,0,0,0,1,1,0,0,0,1,-1,0,0
cell_302-BPA-5-RSX,-1,0,0,0,1,0,0,1,0,0,0,1,0,1,1,0,-1,0,0,0,0,0,0,0,1,1,1,0,0,0,0,0,0,1,0,1,0,3
cell_303-BPA-5-RSX,1,0,0,1,1,0,-1,0,0,0,1,-1,0,-1,1,1,-1,0,0,-1,0,-1,0,0,0,0,0,-1,0,1,0,0,0,0,0,1,0,4
cell_304-BPA-5-RSX,0,0,0,1,1,0,0,1,1,0,0,0,0,0,1,0,0,1,1,1,0,0,0,1,0,0,0,0,0,0,1,0,0,0,1,0,0,4
cell_305-BPA-5-RSX,1,0,1,0,0,0,-1,0,0,1,0,0,1,1,0,0,0,0,0,0,0,-1,0,0,0,0,0,0,1,1,0,0,1,0,0,1,0,4
cell_306-BPA-5-RSX,1,0,1,0,0,0,-1,0,1,1,1,0,0,0,-1,1,-1,0,0,0,0,-1,0,1,0,-1,0,0,1,1,0,0,1,0,1,0,0,4
cell_307-BPA-5-RSX,1,0,1,0,1,0,0,1,1,1,1,0,1,1,1,0,0,0,0,0,1,0,0,1,1,0,-1,0,0,1,1,0,1,-1,1,-1,1,2
cell_308-BPA-5-RSX,0,0,0,0,0,1,0,1,1,1,0,0,1,1,1,0,0,0,0,0,1,0,0,1,0,0,1,0,1,0,1,1,0,1,1,1,1,4
cell_309-BPA-5-RSX,1,0,0,0,1,0,0,1,1,1,1,0,1,1,1,0,0,0,0,0,-1,0,0,1,1,-1,1,1,1,0,1,0,1,1,1,1,1,4
cell_31-BPA-5-RSX,0,0,1,0,0,0,0,0,1,0,1,0,0,1,1,1,-1,0,0,0,0,0,0,1,1,0,0,0,0,1,1,0,1,0,1,1,0,4
cell_310-BPA-5-RSX,1,-1,0,1,1,0,-1,0,0,0,1,1,1,1,1,1,0,1,1,0,0,-1,0,0,0,0,1,0,0,0,0,0,0,1,0,1,0,4
cell_311-BPA-5-RSX,0,0,1,1,0,0,0,0,1,1,0,1,1,1,1,0,0,0,0,0,-1,0,0,1,0,-1,1,1,1,0,1,0,0,1,1,1,1,4
cell_312-BPA-5-RSX,1,0,0,1,1,1,0,1,0,1,0,0,1,1,0,1,0,1,1,0,0,0,0,0,1,0,0,0,0,0,0,1,1,0,0,1,0,4
cell_313-BPA-5-RSX,0,0,0,0,0,0,0,1,1,1,1,0,0,1,1,0,0,0,0,0,-1,1,0,0,0,1,-1,0,0,0,1,0,0,-1,0,-1,1,3
cell_314-BPA-5-RSX,1,0,1,1,0,1,0,1,1,1,1,1,0,1,1,0,0,0,0,0,1,0,0,1,0,0,-1,0,1,1,1,1,1,-1,1,1,1,2
cell_315-BPA-5-RSX,0,0,1,1,0,1,0,0,0,0,0,0,1,0,1,1,0,1,1,1,0,0,0,1,1,0,1,0,1,0,1,1,1,1,1,0,0,5
cell_316-BPA-5-RSX,1,0,1,1,1,1,-1,1,1,1,0,0,1,1,1,0,0,0,0,0,1,-1,0,1,0,0,1,1,1,1,1,1,1,1,1,1,1,3
cell_317-BPA-5-RSX,1,0,0,0,0,0,0,0,1,1,1,0,1,1,1,0,0,0,0,1,0,0,0,0,0,0,1,0,1,1,1,0,1,1,0,0,1,3
cell_318-BPA-5-RSX,0,0,0,1,0,0,0,0,1,1,0,0,1,1,1,0,0,0,0,0,-1,0,0,1,0,0,1,1,1,1,1,0,1,1,1,1,1,3
cell_319-BPA-5-RSX,0,-1,0,0,0,1,0,0,1,1,1,1,0,1,1,1,-1,1,1,1,0,0,0,0,1,0,0,0,1,0,0,1,1,0,0,1,0,5
cell_32-BPA-5-RSX,0,0,1,0,1,1,-1,1,1,1,1,1,1,1,0,1,0,0,1,0,0,-1,0,1,0,0,0,0,0,0,0,1,0,0,1,0,0,5
cell_320-BPA-5-RSX,0,0,0,1,1,0,0,0,1,1,1,0,1,1,1,0,0,0,0,0,-1,0,0,1,1,1,1,1,0,0,1,0,0,1,1,1,1,2
cell_321-BPA-5-RSX,1,0,0,1,0,1,0,0,0,0,0,1,0,1,0,1,0,1,0,-1,0,0,-1,0,0,0,1,-1,-1,-1,0,1,1,1,0,0,0,4
cell_322-BPA-5-RSX,0,0,1,0,1,0,0,0,1,1,0,0,-1,1,0,-1,0,0,0,1,0,0,0,1,0,-1,1,-1,0,1,-1,0,-1,1,1,-1,1,4
cell_323-BPA-5-RSX,0,0,0,0,0,1,0,0,1,1,1,0,1,0,0,0,0,0,0,-1,0,0,0,0,-1,0,1,0,0,0,1,1,0,1,0,0,0,4
cell_324-BPA-5-RSX,1,0,0,1,0,0,0,1,1,1,0,1,0,1,1,0,-1,0,0,0,-1,0,0,1,1,1,1,0,1,1,0,0,1,1,1,1,1,2
cell_325-BPA-5-RSX,1,0,1,0,1,1,0,0,1,0,1,1,0,1,1,1,0,1,0,0,0,0,0,0,1,0,1,0,0,0,1,1,0,1,0,0,0,4
cell_326-BPA-5-RSX,0,0,1,1,0,1,0,1,1,1,1,-1,1,0,0,0,0,1,0,1,0,0,0,1,1,0,1,0,1,-1,1,1,1,1,1,0,0,0
cell_327-BPA-5-RSX,1,0,1,0,0,1,0,0,1,-1,0,1,1,1,1,0,0,0,0,0,1,0,0,1,1,-1,1,1,1,0,1,1,0,1,1,1,1,3
cell_328-BPA-5-RSX,0,0,1,1,1,1,0,0,0,1,0,0,1,1,0,0,0,1,1,0,0,0,-1,1,0,0,1,0,1,0,0,1,0,1,1,0,0,5
cell_329-BPA-5-RSX,1,0,0,0,0,0,0,1,1,0,1,0,0,1,1,0,0,1,0,0,0,1,0,0,0,1,0,0,1,0,0,0,0,0,0,1,0,3
cell_33-BPA-5-RSX,0,0,1,1,1,1,0,1,1,1,1,0,1,1,0,1,0,1,1,0,0,0,0,1,1,0,0,0,0,1,0,1,0,0,1,0,0,3
cell_330-BPA-5-RSX,0,0,0,0,1,1,0,1,1,1,1,0,0,1,1,0,0,1,0,0,0,0,0,0,0,0,0,0,1,0,1,1,0,0,0,1,0,4
cell_331-BPA-5-RSX,1,0,1,0,1,0,0,1,1,1,1,0,0,1,0,1,0,0,0,0,0,0,0,0,1,0,0,0,0,0,0,0,1,0,0,1,0,4
cell_332-BPA-5-RSX,0,0,0,0,0,0,0,1,1,0,1,0,1,1,0,1,0,0,1,1,0,0,0,1,1,0,1,-1,0,1,1,0,1,1,1,0,0,4
cell_333-BPA-5-RSX,1,0,1,0,1,-1,0,1,0,1,0,0,0,0,0,0,0,1,0,1,-1,0,0,0,0,0,1,0,1,1,1,-1,0,1,0,0,0,4
cell_334-BPA-5-RSX,1,0,0,0,1,0,0,0,0,1,1,0,0,0,0,0,0,1,0,0,0,0,-1,0,1,1,0,0,1,1,0,0,0,0,0,0,0,3
cell_335-BPA-5-RSX,1,0,0,1,1,1,0,1,0,0,0,0,1,0,0,0,0,0,1,1,0,0,0,1,1,-1,1,0,1,1,0,1,0,1,1,1,0,4
cell_336-BPA-5-RSX,-1,0,1,0,1,0,0,1,1,1,0,0,1,0,0,1,-1,0,0,0,1,0,0,1,-1,-1,1,0,1,1,0,0,1,1,1,1,0,3
cell_337-BPA-5-RSX,0,-1,1,1,0,0,0,0,0,0,1,1,1,1,1,-1,0,0,-1,0,0,0,0,1,1,1,0,0,0,0,0,0,1,0,1,0,0,4
cell_338-BPA-5-RSX,0,0,0,1,0,0,0,1,1,0,1,1,0,1,1,1,0,0,0,0,-1,0,0,1,1,0,1,1,0,1,1,0,0,1,1,1,1,4
cell_339-BPA-5-RSX,1,0,0,0,0,1,0,1,0,1,1,0,0,1,1,1,0,0,1,0,0,0,0,1,0,0,1,1,1,0,1,1,0,1,1,1,0,2
cell_34-BPA-5-RSX,0,-1,0,0,0,1,0,0,0,1,1,0,1,1,0,0,0,0,0,0,0,0,0,1,1,0,0,0,1,1,0,1,0,0,1,1,0,4
cell_340-BPA-5-RSX,0,0,0,1,1,0,0,0,1,1,0,1,1,1,1,0,0,0,0,0,-1,0,0,0,0,1,-1,0,0,1,1,0,0,-1,0,1,1,2
cell_341-BPA-5-RSX,0,0,1,1,0,0,0,1,1,1,1,0,1,1,1,0,0,0,0,1,1,0,0,1,1,0,1,0,0,1,1,0,1,1,1,1,1,3
cell_342-BPA-5-RSX,0,0,0,1,1,1,0,0,1,1,1,0,0,1,1,1,0,0,0,0,-1,0,0,1,0,1,1,0,0,0,1,1,0,1,1,1,1,2
cell_343-BPA-5-RSX,1,0,1,1,0,0,0,0,1,0,1,0,0,0,1,0,-1,0,1,1,0,0,0,0,1,0,1,-1,0,1,1,0,0,1,0,1,0,3
cell_344-BPA-5-RSX,0,0,1,0,0,0,0,1,1,1,0,0,1,1,1,0,0,0,0,0,-1,0,0,0,0,-1,-1,0,1,0,1,0,0,-1,0,1,1,2
cell_345-BPA-5-RSX,0,0,1,0,1,1,0,1,1,1,0,0,1,1,1,1,0,0,0,0,1,0,0,0,0,0,1,-1,1,0,-1,1,0,1,0,-1,1,2
cell_346-BPA-5-RSX,0,0,0,1,0,0,0,1,0,1,1,0,1,1,1,0,0,0,0,0,0,0,0,1,0,0,1,0,1,0,1,0,0,1,1,1,1,4
cell_347-BPA-5-RSX,0,0,0,1,0,0,0,0,0,0,1,0,0,1,0,0,-1,1,1,0,0,0,0,1,0,0,1,0,1,0,0,0,1,1,1,1,0,4
cell_348-BPA-5-RSX,1,0,0,1,1,1,-1,1,1,0,0,1,1,0,0,1,-1,1,1,1,0,-1,0,1,0,0,1,0,0,0,1,1,0,1,1,1,0,4
cell_349-BPA-5-RSX,1,0,0,1,0,0,0,1,1,1,1,1,0,1,1,0,0,0,0,1,1,0,0,1,0,1,-1,0,1,0,-1,0,1,-1,1,1,1,2
cell_35-BPA-5-RSX,1,0,0,0,1,0,0,0,0,1,1,-1,1,0,1,-1,0,0,1,0,0,0,0,1,0,0,1,0,1,1,0,0,0,1,1,0,0,4
cell_350-BPA-5-RSX,1,0,0,0,0,1,0,0,1,1,0,0,0,1,1,0,0,0,0,0,-1,0,0,0,1,0,1,0,0,0,1,1,0,1,0,1,1,2
cell_351-BPA-5-RSX,0,0,0,1,-1,0,0,1,1,0,0,1,1,0,1,1,-1,0,0,0,0,0,0,1,0,1,1,0,1,0,0,0,0,1,1,1,0,0
cell_352-BPA-5-RSX,1,0,0,0,1,1,0,1,1,1,1,0,1,1,1,0,0,1,1,0,0,0,0,0,0,0,1,0,1,1,0,1,1,1,0,1,0,4
cell_353-BPA-5-RSX,1,-1,0,0,0,1,0,0,0,1,0,1,1,1,-1,0,0,1,0,0,-1,0,0,0,-1,-1,1,0,1,1,1,1,1,1,0,1,0,4
cell_354-BPA-5-RSX,0,0,0,0,0,0,-1,0,1,1,0,1,0,1,0,-1,0,0,1,1,0,-1,0,1,0,0,0,0,1,0,1,0,1,0,1,0,0,4
cell_355-BPA-5-RSX,0,0,1,1,1,0,0,1,1,1,1,0,1,1,1,0,-1,0,0,0,0,0,0,1,0,0,0,0,0,0,1,0,0,0,1,1,0,4
cell_356-BPA-5-RSX,0,0,0,0,0,0,0,1,0,0,1,0,0,0,1,0,0,1,0,0,0,0,0,1,1,1,-1,0,1,1,1,0,1,-1,1,0,0,3
cell_357-BPA-5-RSX,1,0,0,1,1,1,0,0,1,0,1,0,0,0,0,0,0,0,0,0,0,0,-1,1,1,1,0,0,0,1,1,1,1,0,1,0,0,4
cell_358-BPA-5-RSX,1,0,1,0,1,1,0,1,1,0,1,0,0,0,0,0,0,1,0,0,0,0,0,1,1,0,0,0,0,1,1,1,0,0,1,1,0,4
cell_359-BPA-5-RSX,1,0,0,1,0,0,0,0,1,1,0,-1,-1,0,1,0,0,1,1,-1,0,0,0,1,-1,0,1,0,0,1,-1,0,1,1,1,1,0,4
cell_36-BPA-5-RSX,1,0,1,1,0,1,0,0,0,0,0,0,1,1,0,0,0,1,0,1,0,0,0,0,0,0,1,0,0,0,0,1,1,1,0,0,0,5
cell_360-BPA-5-RSX,0,0,1,0,1,0,0,1,1,0,1,0,1,1,1,0,0,0,0,0,-1,0,0,1,0,0,-1,1,1,1,1,0,0,-1,1,1,0,3
cell_361-BPA-5-RSX,0,0,0,1,0,0,-1,0,0,1,1,0,1,1,1,1,0,1,1,0,0,-1,0,1,1,0,0,0,0,1,0,1,1,0,1,1,0,3
cell_362-BPA-5-RSX,0,0,0,0,1,1,0,1,1,1,1,1,1,1,1,1,0,0,0,0,-1,0,0,0,0,0,1,0,1,1,1,1,1,1,0,1,1,2
cell_363-BPA-5-RSX,1,0,1,0,1,1,0,1,1,1,0,0,1,1,1,0,0,0,0,0,1,0,0,1,0,0,-1,0,1,0,1,1,1,-1,1,1,1,3
cell_364-BPA-5-RSX,1,0,0,1,0,0,0,0,0,1,0,1,1,0,0,1,0,1,1,1,0,0,0,0,0,0,1,0,1,1,1,1,0,1,0,1,0,5
cell_365-BPA-5-RSX,1,0,0,1,0,0,0,0,1,0,0,0,1,0,1,0,0,0,0,1,0,0,0,0,1,1,1,0,0,1,1,0,0,1,0,1,0,2
cell_366-BPA-5-RSX,1,0,1,1,0,1,0,1,0,0,1,0,1,0,0,1,0,0,1,1,0,0,0,0,0,0,0,0,0,0,0,1,0,0,0,1,0,5
cell_367-BPA-5-RSX,1,0,0,1,1,1,0,0,0,1,0,0,1,1,1,0,0,0,0,0,-1,0,0,0,1,1,1,0,0,1,1,1,1,1,0,1,0,4
cell_368-BPA-5-RSX,1,0,-1,0,1,1,0,-1,1,0,0,0,0,1,-1,1,0,0,1,0,0,0,0,0,1,1,1,0,0,1,1,1,1,1,0,1,0,4
cell_369-BPA-5-RSX,1,0,0,1,0,1,0,1,1,1,1,0,0,1,0,1,0,1,1,0,0,0,0,1,0,1,0,0,1,0,1,1,1,0,1,0,0,4
cell_37-BPA-5-RSX,1,0,0,0,0,1,0,1,1,1,1,0,0,1,1,1,0,0,1,0,0,0,0,1,0,0,1,0,0,0,1,1,1,1,1,0,0,5
cell_370-BPA-5-RSX,1,0,0,1,0,1,0,0,0,0,1,0,1,1,1,0,0,0,1,0,0,0,0,1,1,0,1,0,0,1,1,1,0,1,1,0,0,0
cell_371-BPA-5-RSX,0,0,0,0,1,0,0,1,1,1,1,1,1,1,1,0,0,0,0,1,1,0,0,1,1,-1,-1,0,0,0,1,0,0,-1,1,1,1,3
cell_372-BPA-5-RSX,0,0,1,0,1,1,0,1,1,0,0,0,1,1,1,0,0,0,0,1,0,0,0,1,0,0,1,0,0,1,1,1,1,1,1,1,1,2
cell_373-BPA-5-RSX,1,0,1,1,1,0,0,1,1,1,0,1,1,1,1,0,0,1,0,1,0,0,0,1,0,0,1,0,0,0,1,0,0,1,1,1,0,3
cell_374-BPA-5-RSX,1,-1,1,1,1,1,0,0,1,0,1,-1,1,1,1,1,0,1,0,0,0,0,0,0,0,-1,1,0,0,0,0,1,0,0,0,0,0,5
cell_375-BPA-5-RSX,1,-1,0,1,1,1,0,1,0,1,0,0,1,1,-1,1,0,1,0,1,0,0,0,1,0,-1,0,0,1,1,0,1,0,0,1,0,0,4
cell_376-BPA-5-RSX,0,0,1,1,1,1,0,1,1,0,0,0,1,1,0,0,0,1,0,0,0,0,0,0,1,1,1,0,0,0,1,1,1,1,0,0,0,4
cell_377-BPA-5-RSX,0,0,0,1,1,1,0,1,1,1,1,0,0,1,1,0,-1,0,0,0,-1,0,0,0,0,0,1,0,0,0,1,1,0,1,0,1,1,2
cell_378-BPA-5-RSX,0,0,1,0,0,0,0,1,1,0,1,1,1,1,0,1,0,0,1,0,0,0,0,1,1,1,1,0,1,0,1,0,1,1,1,0,0,3
cell_379-BPA-5-RSX,1,0,0,1,0,1,-1,0,1,1,1,1,1,0,1,0,0,0,0,0,-1,-1,0,0,0,1,-1,0,0,-1,0,0,0,-1,0,0,0,3
cell_38-BPA-5-RSX,1,-1,-1,0,0,1,0,1,1,1,0,0,0,1,1,1,0,0,0,0,1,0,0,0,0,0,1,0,1,0,1,0,1,1,0,1,0,3
cell_380-BPA-5-RSX,1,0,1,1,0,1,0,1,-1,1,1,0,0,1,1,0,0,0,0,1,1,0,0,1,0,0,-1,0,0,0,1,1,1,-1,1,1,1,3
cell_381-BPA-5-RSX,1,0,1,0,0,0,0,1,1,1,1,0,1,0,1,1,0,1,0,1,0,0,0,1,0,0,0,0,0,1,0,0,1,0,1,0,0,4
cell_382-BPA-5-RSX,0,0,1,0,0,0,0,1,0,0,0,0,1,0,0,1,-1,0,0,0,0,0,0,0,0,-1,1,0,0,1,1,0,0,1,0,0,0,1
cell_383-BPA-5-RSX,1,0,0,0,0,1,0,1,0,0,1,1,0,1,1,1,0,1,0,1,0,0,0,1,0,0,1,0,0,1,1,1,1,1,1,0,0,0
cell_384-BPA-5-RSX,1,0,1,1,1,1,0,1,1,1,1,0,0,1,1,0,0,0,0,0,0,0,0,0,1,1,0,1,0,0,1,1,1,0,0,1,1,2
cell_385-BPA-5-RSX,1,0,0,0,1,0,0,1,0,0,1,1,1,0,0,1,0,1,0,1,0,0,0,0,0,0,1,0,1,1,1,0,0,1,0,0,0,5
cell_386-BPA-5-RSX,1,0,1,0,1,0,-1,1,1,0,0,0,0,1,1,0,0,1,1,1,0,-1,-1,1,0,1,1,0,0,0,1,0,1,1,1,1,0,3
cell_387-BPA-5-RSX,1,0,1,0,0,0,0,1,1,1,0,0,1,1,0,1,0,1,1,1,0,0,0,0,1,0,1,0,0,0,0,0,1,1,0,0,0,2
cell_388-BPA-5-RSX,1,0,0,0,0,1,0,1,0,1,1,0,0,0,1,1,0,0,0,0,0,0,0,1,0,0,1,0,1,0,1,1,1,1,1,0,0,3
cell_389-BPA-5-RSX,0,0,1,1,1,1,0,1,1,1,0,1,0,1,1,-1,0,0,0,1,0,0,0,0,-1,0,0,1,0,0,0,1,0,0,0,1,0,3
cell_39-BPA-5-RSX,0,0,1,1,0,-1,-1,0,0,0,1,0,0,1,1,1,0,1,1,0,0,-1,0,0,-1,0,0,0,1,1,0,-1,1,0,0,1,0,3
cell_390-BPA-5-RSX,1,0,0,1,1,0,0,1,1,1,1,0,1,-1,1,0,0,0,1,1,0,0,0,1,-1,1,1,0,1,1,1,0,0,1,1,-1,0,4
cell_391-BPA-5-RSX,1,0,1,0,1,0,0,1,1,1,1,0,1,1,1,1,0,1,0,0,0,0,0,1,0,0,1,0,0,1,1,0,1,1,1,1,0,3
cell_392-BPA-5-RSX,0,0,0,0,0,1,0,1,1,1,0,0,0,1,1,0,0,0,0,1,-1,0,0,0,0,0,1,1,0,0,1,1,0,1,0,1,1,4
cell_393-BPA-5-RSX,0,0,0,1,1,0,0,0,1,0,0,0,0,1,0,1,0,1,0,0,0,0,0,1,1,0,1,0,1,0,1,0,0,1,1,0,0,3
cell_394-BPA-5-RSX,1,0,0,1,0,0,0,1,1,1,0,1,0,1,1,0,0,0,0,1,-1,0,0,0,1,0,1,1,0,1,1,0,0,1,0,1,1,4
cell_395-BPA-5-RSX,0,0,1,0,1,0,0,1,0,0,1,1,0,0,0,0,0,1,1,1,0,0,-1,0,0,0,0,0,0,0,1,0,0,0,0,1,0,0
cell_396-BPA-5-RSX,1,0,1,-1,0,0,0,1,1,1,0,1,1,-1,1,1,-1,0,1,0,-1,0,0,-1,0,0,0,-1,0,0,0,0,1,0,-1,1,0,2
cell_397-BPA-5-RSX,0,0,0,1,0,0,0,0,1,0,0,0,1,1,-1,1,0,0,0,1,0,0,0,0,1,0,-1,0,1,1,0,0,1,-1,0,1,0,4
cell_398-BPA-5-RSX,0,0,1,0,1,0,0,1,1,0,0,1,0,0,1,1,0,1,0,0,0,0,0,1,1,1,1,0,1,0,1,0,1,1,1,0,0,3
cell_399-BPA-5-RSX,0,0,1,0,1,1,0,0,0,1,0,0,1,1,0,0,-1,1,0,0,0,0,0,0,1,0,1,0,0,1,1,1,1,1,0,1,0,4
cell_4-BPA-5-RSX,1,0,0,1,0,0,0,1,0,1,1,1,1,1,1,0,0,1,1,1,0,0,0,1,1,0,1,0,1,1,0,0,1,1,1,0,0,4
cell_40-BPA-5-RSX,1,-1,0,1,0,0,0,0,1,1,1,0,0,1,0,0,0,0,0,0,0,0,0,0,1,0,1,0,1,0,1,0,0,1,0,1,0,3
cell_400-BPA-5-RSX,1,-1,1,0,1,0,0,1,1,0,0,0,0,0,0,0,0,0,1,0,0,0,-1,0,-1,-1,1,0,0,1,1,0,1,1,0,1,0,4
cell_401-BPA-5-RSX,0,0,0,0,0,0,0,1,1,1,0,0,0,0,0,0,0,1,1,0,0,0,0,1,1,0,1,0,1,0,1,0,0,1,1,0,0,4
cell_402-BPA-5-RSX,0,0,1,0,0,1,0,1,1,1,1,0,0,1,0,1,-1,1,1,1,0,0,0,1,1,0,0,0,1,1,1,1,0,0,1,0,0,4
cell_403-BPA-5-RSX,1,0,0,1,1,0,0,1,1,1,1,0,0,1,1,0,0,0,0,0,0,0,0,1,0,0,1,1,1,0,1,0,0,1,1,1,1,3
cell_404-BPA-5-RSX,1,0,0,1,0,1,-1,0,1,1,0,0,0,1,1,1,0,0,0,0,1,-1,0,1,0,0,1,1,0,1,1,1,1,1,1,1,1,3
cell_405-BPA-5-RSX,0,0,1,0,0,1,0,0,1,1,1,0,0,1,1,0,0,0,0,0,-1,0,0,0,0,0,-1,1,0,0,1,1,0,-1,0,1,1,2
cell_406-BPA-5-RSX,1,0,0,1,0,1,0,0,1,1,0,0,0,1,1,0,0,0,0,1,1,0,0,1,1,0,-1,1,1,1,1,1,1,-1,1,1,1,2
cell_407-BPA-5-RSX,0,-1,0,0,1,0,0,1,1,0,0,0,0,0,0,1,0,0,1,1,0,0,0,1,0,0,0,0,0,1,0,0,1,0,1,0,0,4
cell_408-BPA-5-RSX,0,0,1,0,0,0,-1,1,1,1,0,1,1,1,0,0,0,0,0,0,0,-1,0,0,0,1,1,0,-1,0,0,0,1,1,0,0,0,3
cell_409-BPA-5-RSX,1,0,0,1,1,0,-1,1,1,1,1,1,0,1,-1,0,-1,0,0,0,-1,-1,0,0,0,0,1,-1,0,0,1,0,0,1,1,1,1,4
cell_41-BPA-5-RSX,0,0,0,0,0,1,0,1,1,0,1,0,1,1,1,0,0,0,0,1,0,0,0,1,0,0,1,0,1,1,0,1,1,1,1,0,0,0
cell_410-BPA-5-RSX,0,0,1,0,0,1,0,1,1,0,0,0,1,1,1,1,-1,0,0,0,0,-1,0,1,1,0,1,0,0,1,0,1,1,1,1,1,0,5
cell_411-BPA-5-RSX,0,0,1,0,0,1,0,0,1,1,0,0,1,0,1,0,0,0,0,0,0,0,0,1,1,0,1,0,1,1,0,1,0,1,1,1,0,0
cell_412-BPA-5-RSX,0,0,0,1,0,1,0,0,0,0,1,1,1,0,0,0,0,0,0,0,0,0,0,0,0,0,0,0,1,0,0,1,0,0,0,1,0,0
cell_413-BPA-5-RSX,0,0,0,1,1,0,0,1,0,1,-1,0,0,0,0,1,0,0,-1,1,0,0,0,1,0,1,0,0,-1,-1,0,0,0,0,1,0,0,0
cell_414-BPA-5-RSX,1,0,1,0,1,1,0,1,0,1,1,0,0,1,1,0,0,0,0,-1,0,0,0,1,0,1,0,0,0,0,1,1,1,0,1,1,0,4
cell_415-BPA-5-RSX,1,0,0,1,0,1,0,0,1,1,1,0,1,0,1,0,0,0,0,1,0,0,0,0,-1,1,1,0,0,0,1,1,0,1,0,1,1,3
cell_416-BPA-5-RSX,1,0,1,0,0,0,-1,1,0,0,1,1,1,1,0,1,0,1,0,1,0,-1,0,0,1,0,1,0,1,0,0,0,0,1,0,1,0,0
cell_417-BPA-5-RSX,0,0,0,0,1,1,0,1,1,0,0,1,1,1,0,0,0,0,0,0,0,0,0,0,0,1,0,0,0,1,0,1,0,0,0,1,0,3
cell_418-BPA-5-RSX,1,0,0,0,0,0,0,1,1,1,0,0,1,1,1,0,0,0,0,0,1,0,0,0,0,0,1,0,1,0,1,0,0,1,0,1,1,4
cell_419-BPA-5-RSX,0,0,0,0,0,-1,0,0,1,0,1,0,0,1,1,0,-1,0,1,0,0,0,0,1,1,0,-1,0,1,0,1,-1,0,-1,1,-1,1,3
cell_42-BPA-5-RSX,1,0,0,0,0,1,-1,0,1,0,1,0,0,1,1,0,0,1,0,1,0,-1,-1,1,0,0,1,0,1,1,1,1,1,1,1,1,0,3
cell_420-BPA-5-RSX,1,-1,1,0,0,1,-1,1,0,1,1,0,0,0,0,0,0,0,1,0,0,-1,0,1,1,0,1,0,0,0,1,0,0,1,1,1,0,3
cell_421-BPA-5-RSX,0,0,0,1,1,1,0,0,0,1,0,0,0,0,1,1,0,1,0,0,0,0,0,1,-1,0,1,0,0,1,1,1,1,1,1,1,0,4
cell_422-BPA-5-RSX,0,0,1,1,1,1,0,1,1,0,0,0,0,0,1,0,0,0,0,1,0,0,-1,0,0,-1,0,0,0,1,1,1,0,0,0,1,0,5
cell_423-BPA-5-RSX,0,0,0,0,0,0,0,0,0,1,1,0,0,0,0,1,0,0,0,0,0,0,-1,1,0,0,1,0,1,0,1,0,1,1,1,1,0,4
cell_424-BPA-5-RSX,1,0,0,1,0,1,0,1,0,0,1,0,1,0,1,1,0,0,0,1,0,0,0,0,0,0,1,0,0,0,1,1,1,1,0,0,0,5
cell_425-BPA-5-RSX,1,0,0,1,1,0,0,0,0,0,1,1,1,0,1,1,0,1,0,1,1,0,0,1,0,-1,0,0,0,1,1,0,0,0,1,0,0,5
cell_426-BPA-5-RSX,0,0,0,1,0,1,0,1,0,0,1,0,0,1,-1,1,0,1,1,0,0,0,0,0,1,0,0,0,0,1,0,1,0,0,0,1,0,4
cell_427-BPA-5-RSX,1,0,1,0,0,1,0,0,0,0,0,0,1,0,0,1,0,0,0,0,0,0,0,1,1,0,0,0,0,1,0,1,0,0,1,0,0,0
cell_428-BPA-5-RSX,1,0,0,0,1,1,0,1,1,1,1,0,1,1,1,1,-1,0,0,1,0,0,-1,0,-1,-1,1,0,0,1,0,1,0,1,0,0,0,3
cell_429-BPA-5-RSX,0,0,1,0,1,1,-1,1,1,1,1,0,1,1,1,1,0,0,0,1,-1,-1,0,0,1,0,-1,0,0,0,1,1,1,-1,0,1,1,2
cell_43-BPA-5-RSX,1,-1,0,1,1,1,0,0,0,0,0,0,1,0,1,0,-1,1,1,0,0,0,0,1,0,0,1,0,1,1,0,1,1,1,1,0,0,0
cell_430-BPA-5-RSX,1,0,1,0,1,1,0,0,1,1,1,1,0,1,1,0,0,0,0,0,0,0,0,1,0,0,1,0,1,1,1,1,1,1,1,1,0,2
cell_431-BPA-5-RSX,0,0,1,1,0,0,-1,1,1,1,0,0,0,1,0,0,-1,0,1,1,0,-1,-1,0,1,0,0,0,1,1,0,0,1,0,0,0,0,3
cell_432-BPA-5-RSX,0,0,0,1,1,1,0,1,0,1,1,0,0,0,0,1,0,1,0,1,0,0,0,0,0,0,1,0,0,0,0,1,1,1,0,0,0,3
cell_433-BPA-5-RSX,1,0,0,0,0,0,0,1,1,1,1,0,0,0,0,1,0,1,0,0,0,0,0,0,1,0,0,0,1,1,0,0,0,0,0,1,0,4
cell_434-BPA-5-RSX,1,0,1,1,1,0,0,1,1,1,0,0,1,1,0,0,0,1,1,1,0,0,0,1,1,1,1,0,1,1,0,0,0,1,1,1,0,0
cell_435-BPA-5-RSX,0,0,1,0,0,1,0,1,0,0,1,0,0,1,1,1,0,0,1,0,0,0,0,0,0,0,1,0,0,0,1,1,0,1,0,1,0,4
cell_436-BPA-5-RSX,0,0,1,1,1,0,0,0,1,1,1,1,0,1,1,0,0,1,0,0,0,0,0,0,1,0,1,0,1,1,1,0,0,1,0,1,0,2
cell_437-BPA-5-RSX,1,0,1,1,1,1,0,1,1,-1,1,0,-1,1,0,1,0,0,0,0,0,0,0,0,1,1,1,0,1,1,1,1,1,1,0,1,0,4
cell_438-BPA-5-RSX,0,-1,1,0,0,0,0,1,1,0,0,1,1,0,0,1,-1,1,0,0,0,0,0,1,1,0,0,0,-1,1,0,0,0,0,1,-1,0,4
cell_439-BPA-5-RSX,1,0,1,1,0,0,0,0,1,1,1,0,1,0,1,1,0,1,1,1,0,0,-1,1,1,0,1,0,0,0,1,0,0,1,1,1,0,4
cell_44-BPA-5-RSX,0,-1,1,1,1,1,0,1,0,0,1,0,0,0,0,1,0,1,0,0,0,0,0,1,1,0,1,0,0,0,0,1,0,1,1,1,0,4
cell_440-BPA-5-RSX,0,0,1,1,1,1,0,0,0,0,1,1,1,1,1,1,0,1,0,0,0,0,0,0,1,0,0,0,0,0,1,1,0,0,0,1,0,4
cell_441-BPA-5-RSX,0,0,0,1,1,0,0,1,0,1,0,0,0,0,0,1,0,1,1,0,0,0,0,0,1,0,0,0,0,1,1,0,0,0,0,1,0,4
cell_442-BPA-5-RSX,0,0,0,0,1,1,0,0,1,1,0,1,0,0,1,1,-1,0,1,0,0,0,-1,1,1,0,0,0,1,1,0,1,0,0,1,1,0,4
cell_443-BPA-5-RSX,1,0,1,-1,0,0,0,-1,0,1,1,1,0,0,1,1,-1,1,1,0,0,0,-1,-1,-1,0,0,-1,0,1,0,0,1,0,-1,0,0,3
cell_444-BPA-5-RSX,1,0,1,1,0,0,0,0,1,1,1,0,1,1,1,0,0,0,0,0,-1,0,0,1,0,0,0,0,1,0,1,0,0,0,1,1,0,4
cell_445-BPA-5-RSX,1,0,0,1,1,1,0,1,0,1,0,1,0,0,0,1,0,0,1,0,0,0,0,0,0,0,1,0,0,0,1,1,1,1,0,1,0,4
cell_446-BPA-5-RSX,0,0,-1,1,0,0,-1,1,1,1,1,1,1,0,-1,1,0,0,1,0,0,-1,0,-1,-1,-1,0,-1,0,1,0,0,0,0,-1,1,0,5
cell_447-BPA-5-RSX,0,0,1,1,1,1,0,1,1,1,1,0,1,1,1,0,-1,0,0,0,-1,0,0,1,0,0,1,1,1,0,1,1,1,1,1,1,1,2
cell_448-BPA-5-RSX,0,0,1,-1,1,1,0,1,0,1,0,0,1,-1,0,1,-1,0,-1,1,0,0,-1,-1,0,0,0,0,0,0,0,1,1,0,-1,0,0,4
cell_449-BPA-5-RSX,1,0,0,1,1,0,0,1,0,0,1,1,1,0,1,0,0,1,0,0,0,0,0,0,1,0,0,0,1,0,0,0,0,0,0,0,0,4
cell_45-BPA-5-RSX,0,0,0,0,0,0,0,1,1,1,1,0,0,1,1,0,0,0,0,0,0,0,0,0,1,1,1,0,1,0,0,0,1,1,0,1,0,4
cell_450-BPA-5-RSX,0,0,1,0,0,0,0,1,0,1,0,0,0,1,0,0,-1,0,1,1,0,0,0,0,0,0,1,0,1,1,0,0,0,1,0,1,0,4
cell_451-BPA-5-RSX,0,0,0,1,0,1,0,0,0,1,0,1,0,0,0,1,0,1,1,0,0,0,0,0,1,0,1,0,0,-1,1,1,1,1,0,1,0,0
cell_452-BPA-5-RSX,1,0,0,1,0,0,0,0,1,1,1,0,0,1,1,0,-1,0,0,0,1,0,0,1,0,0,-1,0,0,0,1,0,1,-1,1,1,1,4
cell_453-BPA-5-RSX,1,0,0,1,0,0,0,1,1,1,1,0,0,1,1,1,0,1,0,0,0,0,0,0,0,0,1,-1,1,1,1,0,0,1,0,0,0,3
cell_454-BPA-5-RSX,1,-1,0,0,0,1,0,1,1,1,0,0,1,1,1,1,0,0,0,1,-1,0,0,0,1,1,1,0,-1,0,-1,1,1,1,0,1,1,4
cell_455-BPA-5-RSX,0,0,0,1,1,1,-1,0,1,0,0,0,1,0,1,0,-1,1,1,0,0,-1,0,1,1,-1,0,0,1,1,0,1,1,0,1,0,0,0
cell_456-BPA-5-RSX,0,-1,1,0,1,1,0,0,0,0,0,0,1,0,1,1,0,0,1,0,0,0,0,0,1,0,0,0,0,0,0,1,0,0,0,0,0,0
cell_457-BPA-5-RSX,1,0,0,1,0,1,0,0,1,1,0,0,0,1,1,0,0,0,0,0,-1,0,0,1,1,0,1,1,0,1,1,1,0,1,1,1,1,2
cell_458-BPA-5-RSX,0,0,0,1,0,1,0,1,0,1,0,0,0,0,0,0,0,1,0,0,0,0,0,1,0,0,1,0,1,1,1,1,0,1,1,1,0,0
cell_459-BPA-5-RSX,1,0,0,1,1,0,0,1,1,0,0,0,1,1,1,0,0,0,-1,0,0,0,0,0,1,0,0,0,0,0,1,0,1,0,0,1,1,0
cell_46-BPA-5-RSX,1,0,1,1,1,1,0,1,1,0,1,0,0,0,0,0,0,0,0,0,0,0,0,1,0,0,0,0,0,1,1,1,1,0,1,0,0,4
cell_460-BPA-5-RSX,1,0,1,1,1,1,0,1,1,1,0,0,0,1,1,0,0,0,0,0,0,1,0,0,1,-1,1,1,0,1,1,1,0,1,0,1,0,3
cell_461-BPA-5-RSX,0,0,0,0,0,0,0,1,0,1,1,0,1,1,1,1,0,0,1,0,0,0,0,0,0,0,0,0,0,1,1,0,0,0,0,1,0,4
cell_462-BPA-5-RSX,1,0,0,1,1,1,0,0,1,1,0,0,1,1,0,1,1,1,0,0,0,0,0,1,0,-1,0,0,0,1,0,1,0,0,1,1,0,4
cell_463-BPA-5-RSX,0,0,0,0,0,0,0,1,1,0,1,1,1,0,1,0,0,1,1,0,0,0,0,0,0,1,0,0,0,0,0,0,1,0,0,0,0,5
cell_464-BPA-5-RSX,0,0,0,0,1,1,0,1,1,1,0,0,1,0,0,0,0,1,1,1,0,0,0,0,0,0,1,0,1,1,1,1,0,1,0,1,0,5
cell_465-BPA-5-RSX,0,0,1,0,1,0,0,1,1,1,1,0,0,0,1,0,-1,1,1,0,0,0,0,1,1,0,0,0,0,0,0,0,1,0,1,1,0,3
cell_466-BPA-5-RSX,0,-1,1,1,0,-1,0,0,0,0,0,0,1,1,0,0,0,0,1,1,1,0,0,1,1,0,-1,0,0,0,1,-1,1,-1,1,1,0,4
cell_467-BPA-5-RSX,0,0,0,0,0,0,0,1,0,0,0,0,1,0,1,0,1,1,0,0,-1,0,0,0,0,1,0,0,0,1,1,0,-1,0,0,0,0,4
cell_468-BPA-5-RSX,0,0,0,1,1,0,0,1,1,1,1,0,1,1,1,0,0,0,0,0,1,-1,0,1,1,0,1,1,1,1,-1,0,0,1,1,1,1,3
cell_469-BPA-5-RSX,1,0,1,0,0,1,0,1,0,0,1,0,0,1,0,0,0,0,1,0,0,0,0,1,0,0,0,0,1,0,1,1,1,0,1,0,0,4
cell_47-BPA-5-RSX,0,0,1,0,1,1,0,1,1,1,0,0,1,0,1,1,0,0,0,1,0,0,0,0,0,-1,1,0,0,1,0,1,1,1,0,0,0,3
cell_470-BPA-5-RSX,1,0,1,1,1,1,0,1,0,1,1,0,0,1,1,0,0,1,1,0,0,0,0,0,1,0,1,0,1,0,1,1,0,1,0,1,0,4
cell_471-BPA-5-RSX,1,0,0,1,0,0,-1,0,1,1,0,0,0,1,1,1,0,0,0,0,-1,-1,0,0,1,0,0,0,1,0,1,0,1,0,0,1,1,2
cell_472-BPA-5-RSX,0,0,0,1,1,1,0,0,1,1,0,1,0,1,1,0,0,0,-1,1,1,0,0,1,1,1,-1,0,0,0,1,1,0,-1,1,1,1,4
cell_473-BPA-5-RSX,1,0,1,0,0,1,0,1,1,0,0,0,0,1,1,0,0,0,0,1,0,0,0,1,0,0,0,0,1,0,1,1,1,0,1,1,0,3
cell_474-BPA-5-RSX,0,0,1,0,0,0,0,1,0,1,0,1,0,1,1,1,-1,0,0,0,0,0,0,0,1,1,0,0,0,1,1,0,1,0,0,0,0,0
cell_475-BPA-5-RSX,0,0,0,0,1,1,0,0,1,1,1,0,0,1,1,0,0,0,0,1,0,0,0,1,1,0,0,0,1,1,0,1,0,0,1,1,0,4
cell_476-BPA-5-RSX,1,0,1,1,1,0,0,0,0,0,0,0,1,0,0,1,-1,1,0,1,0,0,0,0,0,1,1,0,1,1,0,0,1,1,0,0,0,0
cell_477-BPA-5-RSX,1,0,0,1,0,0,0,1,1,1,0,0,1,0,1,0,0,0,0,0,0,0,0,0,1,0,0,0,1,0,0,0,0,0,0,0,0,4
cell_478-BPA-5-RSX,0,0,0,0,0,1,0,1,1,1,0,0,1,1,1,1,0,0,0,0,1,0,0,1,0,0,1,1,1,0,1,1,0,1,1,1,1,2
cell_479-BPA-5-RSX,0,0,0,1,0,0,0,1,1,1,1,0,1,1,0,1,0,0,0,0,-1,0,0,1,0,0,1,1,1,1,1,0,0,1,1,1,1,4
cell_48-BPA-5-RSX,1,0,0,1,1,1,0,0,0,0,0,0,1,1,0,1,-1,1,0,1,0,0,0,1,0,0,1,0,1,0,0,1,1,1,1,1,0,3
cell_480-BPA-5-RSX,0,0,0,0,1,1,0,1,1,1,0,1,1,0,0,1,0,0,0,1,-1,0,0,0,0,0,0,0,0,0,0,1,0,0,0,0,0,4
cell_481-BPA-5-RSX,0,0,0,1,1,1,0,1,1,0,1,0,0,0,1,0,-1,1,1,0,0,0,0,0,0,1,1,0,0,-1,0,1,0,1,0,0,0,5
cell_482-BPA-5-RSX,0,-1,0,1,1,1,0,1,1,1,1,0,1,0,1,1,-1,0,0,0,0,0,0,0,0,1,1,0,0,1,1,1,0,1,0,0,0,0
cell_483-BPA-5-RSX,1,0,0,1,1,1,0,0,0,0,0,0,0,0,0,0,-1,0,0,1,1,0,0,1,0,1,1,0,0,1,1,1,1,1,1,0,0,4
cell_484-BPA-5-RSX,1,0,1,1,1,0,0,1,1,1,0,0,1,1,1,0,0,0,0,1,-1,0,0,1,1,0,1,1,0,1,1,0,1,1,1,1,1,2
cell_485-BPA-5-RSX,1,0,0,0,0,0,0,1,0,1,1,0,1,1,1,0,-1,1,0,0,0,0,0,0,-1,-1,0,0,1,0,0,0,1,0,0,0,0,4
cell_486-BPA-5-RSX,0,0,0,1,0,0,0,1,1,0,1,0,0,1,0,0,0,0,1,0,0,0,0,0,1,0,1,0,1,1,1,0,1,1,0,0,0,5
cell_487-BPA-5-RSX,1,0,0,0,0,0,0,0,0,1,1,0,0,1,0,0,0,1,0,0,0,0,0,1,0,0,1,0,0,1,1,0,1,1,1,1,0,4
cell_488-BPA-5-RSX,1,0,0,1,0,0,0,0,1,1,1,0,0,1,0,0,0,1,0,1,0,0,0,0,0,1,0,0,1,0,1,0,0,0,0,1,0,0
cell_489-BPA-5-RSX,1,0,0,0,0,1,0,0,1,0,1,0,0,1,0,0,0,1,0,0,0,0,0,1,1,1,1,0,1,1,1,1,0,1,1,-1,0,4
cell_49-BPA-5-RSX,0,0,0,0,0,0,0,1,1,1,0,0,0,1,1,0,0,0,0,0,1,0,0,1,1,0,1,0,1,1,1,0,1,1,1,1,1,2
cell_490-BPA-5-RSX,0,0,0,0,1,1,-1,1,1,1,1,0,0,1,1,0,-1,0,0,0,-1,-1,0,1,0,0,1,1,0,1,1,1,0,1,1,1,1,2
cell_491-BPA-5-RSX,0,0,0,1,0,0,0,1,1,1,0,0,1,1,1,1,0,0,0,0,-1,0,0,0,1,0,-1,0,1,1,1,0,0,-1,0,1,1,2
cell_492-BPA-5-RSX,1,0,1,0,1,0,0,0,1,0,1,1,1,0,0,1,0,0,0,0,0,0,0,1,1,1,1,0,0,1,1,0,1,1,1,0,0,4
cell_493-BPA-5-RSX,0,0,1,0,1,0,0,1,1,0,0,1,0,0,1,1,0,1,1,0,0,0,0,1,0,0,1,0,0,1,0,0,0,1,1,1,0,4
cell_494-BPA-5-RSX,1,0,0,0,0,0,0,0,1,1,1,0,1,1,1,1,0,0,0,0,-1,0,0,0,1,0,1,0,1,1,1,0,0,1,0,1,1,2
cell_495-BPA-5-RSX,1,0,1,0,1,1,0,0,1,1,0,0,0,1,0,0,0,1,0,0,0,0,0,1,0,-1,1,0,1,1,1,1,1,1,1,1,0,4
cell_496-BPA-5-RSX,0,0,0,0,1,1,-1,1,1,0,1,0,0,1,0,-1,0,1,1,0,0,-1,-1,0,0,-1,1,0,0,0,0,1,0,1,0,1,0,2
cell_497-BPA-5-RSX,1,0,1,0,0,0,0,0,1,0,1,0,1,1,1,0,0,0,0,0,0,0,0,1,1,0,1,0,1,1,1,0,1,1,1,1,0,4
cell_498-BPA-5-RSX,1,0,1,0,-1,-1,-1,0,1,0,0,0,0,-1,0,0,0,1,0,0,0,-1,0,1,-1,0,1,0,0,1,1,-1,0,1,1,1,0,4
cell_499-BPA-5-RSX,1,0,-1,0,0,1,0,0,0,0,1,0,1,0,0,1,0,0,0,0,0,0,0,1,0,0,0,-1,0,1,1,1,0,0,1,0,0,4
cell_5-BPA-5-RSX,1,0,0,1,0,-1,0,1,0,1,0,0,0,1,1,1,0,0,0,0,1,0,-1,0,0,1,1,0,1,1,1,-1,0,1,0,1,0,4
cell_50-BPA-5-RSX,0,0,0,0,1,0,0,0,1,1,0,0,0,1,1,0,0,0,0,0,-1,0,0,1,1,0,1,0,1,1,1,0,1,1,1,1,1,2
cell_500-BPA-5-RSX,1,0,0,0,1,0,0,1,1,1,1,0,0,1,1,0,0,0,0,0,1,0,0,1,1,0,-1,0,1,1,1,0,1,-1,1,-1,1,3
cell_501-BPA-5-RSX,0,0,0,0,1,1,0,1,0,1,1,0,1,1,0,1,0,1,0,0,0,0,0,1,0,0,1,0,1,0,0,1,1,1,1,1,0,0
cell_502-BPA-5-RSX,0,0,0,1,0,1,0,0,1,0,0,1,1,0,0,0,0,0,1,1,0,0,0,1,0,-1,0,0,1,0,1,1,0,0,1,0,0,0
cell_503-BPA-5-RSX,0,0,0,1,1,1,0,0,0,1,0,1,0,0,1,0,0,0,0,0,0,0,0,1,1,0,1,0,1,0,0,1,1,1,1,1,0,3
cell_504-BPA-5-RSX,0,0,1,0,-1,1,-1,-1,0,0,1,0,0,1,0,1,0,0,0,0,0,-1,0,1,-1,0,1,0,1,1,1,1,0,1,1,1,0,3
cell_505-BPA-5-RSX,0,0,1,1,0,1,0,1,1,0,1,0,0,1,1,0,-1,1,0,0,0,1,0,1,0,1,1,-1,0,0,1,1,0,1,1,0,0,5
cell_506-BPA-5-RSX,0,0,1,1,1,1,0,0,0,0,1,0,1,0,1,0,0,1,0,1,0,0,0,1,0,1,0,0,1,1,0,1,1,0,1,1,0,5
cell_507-BPA-5-RSX,0,0,1,0,1,1,0,0,0,1,1,0,0,1,0,0,0,0,1,1,0,0,0,0,0,0,0,0,0,0,0,1,1,0,0,1,0,4
cell_508-BPA-5-RSX,0,0,1,0,0,0,0,0,1,1,1,0,0,1,0,1,0,1,0,0,0,0,-1,0,1,1,0,0,1,1,1,0,0,0,0,1,0,0
cell_509-BPA-5-RSX,0,0,1,1,0,0,-1,0,1,1,0,0,1,0,0,1,0,0,0,1,-1,-1,0,0,0,0,-1,-1,0,1,1,0,1,-1,0,1,-1,5
cell_51-BPA-5-RSX,0,-1,0,1,1,0,0,1,1,1,1,0,0,1,1,0,-1,0,0,0,-1,0,0,0,0,-1,1,1,0,1,1,0,1,1,0,1,1,4
cell_510-BPA-5-RSX,0,0,0,0,0,1,0,1,0,1,0,0,0,0,0,0,0,1,1,0,0,0,-1,1,1,0,1,0,1,1,1,1,0,1,1,0,0,4
cell_511-BPA-5-RSX,0,0,1,0,0,1,-1,1,0,0,1,0,1,1,1,1,0,1,1,1,0,-1,0,0,-1,0,1,0,1,1,1,1,0,1,0,0,0,3
cell_512-BPA-5-RSX,1,0,0,0,0,0,0,1,1,1,0,1,1,1,1,0,0,-1,0,0,1,0,0,0,0,0,1,0,1,0,1,0,1,1,0,1,1,2
cell_513-BPA-5-RSX,1,0,0,1,0,1,0,0,0,0,0,0,1,1,1,0,0,1,0,1,-1,0,0,1,1,1,1,0,1,1,0,1,1,1,1,1,0,4
cell_514-BPA-5-RSX,0,0,1,0,0,0,0,1,1,1,0,0,1,1,1,0,0,0,1,0,0,0,0,0,0,1,1,0,0,1,1,0,1,1,0,1,0,2
cell_515-BPA-5-RSX,1,0,1,0,0,1,0,1,1,1,0,1,0,-1,0,1,-1,1,1,0,0,0,0,1,1,0,1,0,1,0,0,1,0,1,1,0,0,2
cell_516-BPA-5-RSX,1,-1,0,0,0,-1,0,0,1,1,1,1,0,-1,1,0,0,0,0,1,-1,0,0,-1,1,0,1,0,-1,0,1,-1,1,1,-1,1,1,2
cell_517-BPA-5-RSX,0,0,1,1,0,1,0,1,1,0,0,0,0,0,0,1,0,0,1,1,0,0,0,1,0,0,1,0,1,1,0,1,0,1,1,1,0,5
cell_518-BPA-5-RSX,1,0,0,1,1,0,0,1,0,0,1,1,1,0,0,1,0,0,0,0,0,0,0,0,0,1,1,0,0,1,0,0,1,1,0,0,0,4
cell_519-BPA-5-RSX,0,0,0,1,0,1,0,0,1,0,0,1,0,1,0,0,-1,0,1,1,0,0,0,1,0,0,1,0,1,0,0,1,0,1,1,1,0,4
cell_52-BPA-5-RSX,1,0,0,1,1,0,0,1,1,1,1,0,1,1,0,0,0,1,0,0,0,0,0,0,0,0,0,0,1,0,0,0,1,0,0,0,0,3
cell_520-BPA-5-RSX,1,0,0,1,1,1,0,0,1,1,1,0,1,1,1,0,0,0,0,0,1,0,0,0,0,0,1,0,0,1,1,1,0,1,0,1,1,4
cell_521-BPA-5-RSX,1,0,0,1,0,1,0,1,0,1,0,0,1,1,1,1,0,0,0,1,0,0,0,1,1,0,1,0,1,1,1,1,1,1,1,0,0,3
cell_522-BPA-5-RSX,1,0,0,0,-1,1,0,1,1,1,0,0,0,1,1,0,0,0,1,0,0,0,0,1,0,0,1,-1,0,0,1,1,0,1,1,1,-1,3
cell_523-BPA-5-RSX,0,0,0,1,1,0,0,1,1,0,0,0,0,0,1,1,0,1,0,0,0,0,0,0,0,0,0,0,1,0,0,0,0,0,0,1,0,2
cell_524-BPA-5-RSX,0,0,0,1,0,1,1,1,1,1,0,0,1,1,1,0,0,0,0,1,0,0,0,1,1,0,-1,0,0,0,1,1,1,-1,1,1,1,2
cell_525-BPA-5-RSX,0,0,1,0,1,0,0,1,1,1,1,0,0,1,1,0,0,0,0,0,-1,0,0,1,1,1,1,0,0,1,1,0,0,1,1,1,1,4
cell_526-BPA-5-RSX,0,0,0,0,1,1,0,1,1,1,0,0,0,1,1,0,0,0,0,1,1,0,0,1,1,0,1,1,1,-1,1,1,1,1,1,1,1,3
cell_527-BPA-5-RSX,1,0,1,1,1,1,0,1,0,0,1,1,1,0,1,1,-1,1,1,1,-1,0,0,1,0,0,0,0,0,0,1,1,1,0,1,1,0,0
cell_528-BPA-5-RSX,1,0,0,1,1,0,0,1,0,1,0,0,0,1,0,0,0,1,0,0,0,0,0,0,-1,0,0,0,0,0,0,0,1,0,0,0,0,4
cell_529-BPA-5-RSX,1,0,0,0,1,1,-1,0,1,0,1,0,1,1,1,1,0,0,0,0,0,-1,0,1,1,1,0,0,0,1,0,1,0,0,1,1,0,5
cell_53-BPA-5-RSX,1,0,1,1,0,0,0,1,1,1,0,0,1,1,1,1,0,0,0,0,-1,0,0,1,1,0,1,0,1,0,1,0,0,1,1,1,1,2
cell_530-BPA-5-RSX,0,0,0,1,0,0,0,1,1,1,0,1,0,0,1,0,0,1,0,0,0,0,0,0,1,0,1,0,1,0,1,0,0,1,0,0,0,3
cell_531-BPA-5-RSX,0,0,0,0,1,0,0,1,1,1,1,0,0,1,1,0,-1,1,0,0,0,0,0,0,1,0,1,0,1,1,1,0,1,1,0,0,0,4
cell_532-BPA-5-RSX,0,0,0,0,1,0,0,0,1,1,0,1,0,1,1,1,0,0,0,0,-1,0,0,1,0,0,1,1,1,0,1,0,1,1,1,1,1,2
cell_533-BPA-5-RSX,1,-1,0,1,0,1,0,1,1,1,1,0,1,1,0,0,0,0,0,0,0,0,-1,1,0,0,1,0,1,0,0,0,0,1,1,0,0,5
cell_534-BPA-5-RSX,0,0,0,0,0,1,0,-1,0,0,1,-1,0,0,1,0,0,1,0,0,-1,0,0,0,0,-1,0,0,1,0,0,1,1,0,0,0,0,4
cell_535-BPA-5-RSX,1,0,0,0,0,0,0,0,1,1,1,0,0,0,0,0,-1,1,1,0,0,0,0,0,1,-1,1,0,1,0,0,0,0,1,0,0,0,3
cell_536-BPA-5-RSX,0,0,0,1,0,0,0,1,1,1,1,0,0,1,1,0,-1,0,0,0,-1,0,0,1,1,0,1,1,1,0,1,0,1,1,1,1,1,2
cell_537-BPA-5-RSX,0,0,0,1,1,0,0,1,1,1,0,0,0,1,1,0,0,0,0,0,-1,0,0,0,1,0,1,0,1,1,1,0,0,1,0,1,1,2
cell_538-BPA-5-RSX,0,-1,1,1,0,0,0,0,1,1,0,0,1,1,1,0,0,0,1,0,0,0,0,1,1,0,1,0,1,1,1,0,1,1,1,1,0,3
cell_539-BPA-5-RSX,1,0,0,1,1,0,0,1,1,1,1,0,0,1,1,0,0,0,0,1,-1,0,0,1,0,0,1,0,1,0,1,0,0,1,1,1,1,2
cell_54-BPA-5-RSX,0,0,0,1,1,0,0,0,0,0,0,0,0,1,0,0,0,1,1,1,0,0,0,1,1,0,0,0,1,1,0,0,0,0,1,0,0,4
cell_540-BPA-5-RSX,0,0,1,0,1,0,0,1,1,1,0,0,0,1,1,1,0,0,0,0,-1,0,0,0,1,0,1,0,1,0,1,0,0,1,0,1,1,2
cell_541-BPA-5-RSX,0,0,0,1,1,0,0,1,1,1,1,0,1,1,1,0,0,0,0,1,0,0,0,1,0,0,1,0,0,1,0,0,0,1,1,1,1,4
cell_542-BPA-5-RSX,1,-1,1,1,0,1,0,0,1,1,0,0,1,0,1,0,0,0,0,1,0,0,0,0,0,0,0,0,0,1,0,1,0,0,0,0,0,0
cell_543-BPA-5-RSX,1,-1,1,0,0,1,0,1,0,0,0,0,0,0,0,1,0,0,1,0,-1,0,-1,0,1,0,0,0,0,1,1,1,1,0,0,0,0,5
cell_55-BPA-5-RSX,1,0,0,0,1,0,0,1,0,0,0,1,0,0,1,1,-1,1,1,0,-1,0,0,0,1,0,0,0,1,1,1,0,0,0,0,1,0,4
cell_56-BPA-5-RSX,1,0,1,1,0,0,-1,0,0,0,0,0,1,1,0,0,0,1,0,1,0,-1,0,0,-1,1,0,0,0,0,0,0,0,0,0,1,0,3
cell_57-BPA-5-RSX,0,0,1,0,1,0,0,0,1,1,1,1,1,1,1,0,0,0,0,1,1,0,0,0,1,1,-1,1,1,1,1,0,1,-1,0,1,1,2
cell_58-BPA-5-RSX,1,0,1,1,0,1,0,0,1,0,0,1,0,1,-1,0,0,0,0,1,0,0,-1,1,0,0,0,0,1,0,1,1,0,0,1,0,0,4
cell_59-BPA-5-RSX,0,0,1,1,0,0,0,0,1,1,1,0,1,1,1,0,0,0,1,1,0,0,0,0,0,0,0,0,0,1,1,0,0,0,0,0,0,0
cell_6-BPA-5-RSX,1,0,1,-1,0,1,0,1,1,1,1,0,0,1,1,1,0,0,1,0,0,0,0,1,0,0,1,0,0,1,1,1,0,1,1,0,0,4
cell_60-BPA-5-RSX,1,0,0,0,1,0,0,1,1,1,1,0,1,1,1,0,0,0,0,0,-1,0,0,1,-1,0,1,1,1,1,1,0,0,1,1,-1,1,2
cell_61-BPA-5-RSX,1,0,1,0,0,1,-1,1,1,1,1,1,1,0,1,0,0,0,1,1,0,-1,0,1,0,-1,0,0,0,0,1,1,0,0,1,1,0,4
cell_62-BPA-5-RSX,1,0,0,0,1,0,0,0,1,1,1,1,0,1,1,0,0,0,0,1,1,0,0,1,-1,0,-1,1,0,1,1,0,1,-1,1,1,1,3
cell_63-BPA-5-RSX,1,0,1,1,0,0,0,-1,1,1,1,1,1,0,0,1,-1,0,1,0,-1,0,0,0,1,1,1,0,1,0,0,0,0,1,0,0,0,4
cell_64-BPA-5-RSX,0,0,0,1,0,1,0,0,1,1,0,0,0,1,1,0,0,0,0,1,0,0,0,1,0,0,1,0,0,1,1,1,1,1,1,1,1,2
cell_65-BPA-5-RSX,0,0,1,1,1,0,0,1,1,1,1,0,1,1,1,0,0,0,0,0,-1,0,0,1,1,0,-1,1,1,1,1,0,0,-1,1,1,1,3
cell_66-BPA-5-RSX,1,0,0,1,1,0,0,1,1,1,1,0,1,1,1,1,0,0,0,0,0,0,0,1,1,0,1,0,1,1,1,0,1,1,1,1,1,2
cell_67-BPA-5-RSX,0,0,0,0,1,0,0,1,1,1,1,0,1,1,1,1,0,0,0,0,-1,0,0,0,1,0,1,1,0,1,1,0,1,1,0,1,1,2
cell_68-BPA-5-RSX,1,0,0,1,0,1,0,0,1,1,0,0,0,1,0,1,0,1,1,1,0,0,0,1,0,0,1,0,0,0,1,1,0,1,1,1,0,0
cell_69-BPA-5-RSX,0,0,0,0,0,0,0,1,1,0,0,0,0,1,0,1,0,1,0,0,0,0,0,0,0,0,1,0,1,0,0,0,0,1,1,0,0,4
cell_7-BPA-5-RSX,0,0,1,1,1,1,0,1,1,1,1,0,0,1,1,0,0,1,0,0,0,0,0,0,1,0,0,0,1,0,0,1,1,0,0,0,0,0
cell_70-BPA-5-RSX,0,0,0,1,0,0,0,0,1,1,1,0,0,-1,1,1,0,0,0,1,-1,0,0,1,1,0,-1,1,0,1,1,0,1,-1,1,1,1,2
cell_71-BPA-5-RSX,0,0,0,0,0,1,0,1,0,1,0,0,0,1,1,1,0,1,1,0,0,0,0,0,0,1,1,0,1,0,0,1,1,1,0,1,0,4
cell_72-BPA-5-RSX,0,0,0,0,1,1,-1,0,1,0,1,0,1,1,0,0,0,0,1,0,0,-1,0,0,0,0,0,0,-1,1,1,1,1,0,0,1,0,0
cell_73-BPA-5-RSX,1,0,0,1,0,1,0,1,0,0,0,0,0,0,1,0,0,1,1,1,0,0,0,0,0,0,1,0,0,0,0,1,0,1,0,1,0,0
cell_74-BPA-5-RSX,0,0,0,0,1,1,0,1,0,1,1,1,1,0,0,0,0,1,1,1,0,0,0,1,1,-1,1,0,0,0,0,1,0,1,1,1,0,3
cell_75-BPA-5-RSX,0,0,0,0,1,0,0,1,0,0,1,0,1,0,1,1,0,1,0,0,0,0,0,0,0,0,1,0,0,0,0,0,1,1,0,0,0,0
cell_76-BPA-5-RSX,0,0,0,0,1,1,0,0,0,0,0,0,1,1,1,0,0,1,0,1,0,0,0,1,1,0,0,0,0,1,1,1,1,0,1,1,0,0
cell_77-BPA-5-RSX,1,0,0,1,0,0,0,1,1,0,1,0,0,0,0,1,0,0,0,0,0,0,0,0,1,0,0,0,1,0,1,0,0,0,0,1,0,0
cell_78-BPA-5-RSX,1,0,0,1,0,1,-1,1,1,1,0,0,0,1,0,0,0,0,1,0,0,-1,0,0,1,0,1,0,0,1,1,1,1,1,0,0,0,4
cell_79-BPA-5-RSX,1,0,1,0,0,0,0,1,0,1,1,0,0,0,0,0,-1,1,1,1,0,0,0,1,1,0,1,0,1,1,0,0,1,1,1,0,0,0
cell_8-BPA-5-RSX,1,0,0,1,1,1,0,0,0,1,0,1,1,0,0,1,0,1,0,0,0,0,0,1,-1,0,0,0,1,1,1,1,1,0,1,0,0,5
cell_80-BPA-5-RSX,0,0,0,0,0,0,0,0,0,0,1,1,1,1,1,0,-1,0,1,0,0,0,0,0,1,1,0,0,0,1,0,0,1,0,0,0,0,0
cell_81-BPA-5-RSX,0,-1,0,0,1,0,-1,1,0,0,0,0,1,1,0,0,0,1,0,0,0,-1,0,0,1,0,1,0,0,0,1,0,1,1,0,1,0,3
cell_82-BPA-5-RSX,0,0,1,0,0,1,0,1,1,1,0,1,0,1,1,1,0,0,0,0,-1,0,0,1,0,0,1,1,1,1,1,1,0,1,1,1,1,2
cell_83-BPA-5-RSX,0,0,1,1,0,0,0,-1,0,1,0,0,-1,1,1,0,0,1,1,1,0,0,-1,1,1,0,0,0,0,0,1,0,1,0,1,0,0,5
cell_84-BPA-5-RSX,0,0,0,1,0,0,0,1,0,0,0,1,0,0,1,0,0,1,1,1,0,0,0,0,1,-1,0,0,1,1,0,0,0,0,0,1,0,4
cell_85-BPA-5-RSX,1,0,1,1,1,1,0,1,1,1,0,1,1,1,1,0,0,0,0,0,1,0,0,1,0,0,1,1,1,1,1,1,1,1,1,1,1,3
cell_86-BPA-5-RSX,1,0,1,0,0,0,0,1,1,1,-1,0,0,1,0,0,0,0,1,0,0,0,0,0,-1,0,0,0,1,-1,1,0,0,0,0,0,0,0
cell_87-BPA-5-RSX,1,0,0,1,0,1,0,0,1,1,1,0,1,0,1,1,-1,1,0,0,0,0,0,1,0,0,0,0,1,0,1,1,0,0,1,0,0,3
cell_88-BPA-5-RSX,1,0,0,1,0,0,0,0,1,1,0,0,1,0,0,1,-1,0,1,1,0,0,-1,0,0,0,1,0,0,0,0,0,0,1,0,0,0,3
cell_89-BPA-5-RSX,0,-1,0,0,0,1,0,0,0,1,0,0,0,0,0,0,0,1,1,0,0,0,0,1,1,-1,0,0,1,1,0,1,0,0,1,1,0,4
cell_9-BPA-5-RSX,0,0,0,0,0,1,0,0,0,1,1,0,1,0,1,1,0,1,1,1,1,0,0,0,1,0,0,0,1,1,0,1,0,0,0,0,0,4
cell_90-BPA-5-RSX,0,0,1,1,1,1,0,1,1,1,1,0,1,-1,1,0,0,0,0,0,1,0,0,1,0,0,1,1,1,0,1,0,1,1,1,-1,1,4
cell_91-BPA-5-RSX,0,0,0,0,1,1,0,0,1,1,1,0,0,1,1,1,0,0,0,0,-1,0,0,0,0,0,-1,0,0,1,1,1,0,-1,0,1,1,2
cell_92-BPA-5-RSX,0,0,0,1,0,1,0,1,0,1,0,0,0,0,1,0,-1,0,1,0,0,0,-1,1,0,0,1,0,1,1,0,1,1,1,1,0,0,0
cell_93-BPA-5-RSX,1,0,0,1,1,1,0,1,0,1,0,0,1,0,0,0,0,1,1,0,0,0,0,0,0,0,0,0,0,0,0,1,0,0,0,1,0,4
cell_94-BPA-5-RSX,1,0,1,0,1,1,0,1,1,1,0,1,0,1,1,0,0,0,0,0,-1,0,0,1,0,0,1,1,1,1,1,1,0,1,1,1,1,2
cell_95-BPA-5-RSX,1,0,0,1,0,0,0,1,1,0,1,1,1,1,0,1,0,1,0,0,0,0,0,1,0,0,1,0,1,0,1,0,0,1,1,1,0,5
cell_96-BPA-5-RSX,1,0,0,0,0,1,0,0,1,1,0,0,0,1,1,1,0,1,1,0,0,0,0,1,-1,0,1,0,0,1,1,1,0,1,1,-1,0,3
cell_97-BPA-5-RSX,0,0,0,1,0,1,0,0,1,1,0,0,0,0,1,1,0,1,1,1,0,0,0,0,0,0,1,0,1,1,0,1,1,1,0,0,0,2
cell_98-BPA-5-RSX,0,0,0,1,0,0,0,0,0,1,1,1,1,1,1,-1,0,1,0,0,0,0,0,0,1,0,1,0,0,1,0,0,1,1,0,0,-1,4
cell_99-BPA-5-RSX,0,0,0,1,1,1,0,1,0,0,1,0,1,0,1,0,0,1,0,0,0,0,0,1,1,0,1,0,0,0,1,1,1,1,1,0,0,4
