"patient_name","gene_name","alteration_class","CCF","LOH"
"TP11","SMAD4","missense",0.0112994350282486,0
"M04","SMAD3","missense",0.0134486071085495,0
"TP11","ARID1A","missense",0.0141242937853107,0
"TP11","SMAD3","nonsense",0.019774011299435,0
"TP11","SMAD2","missense",0.019774011299435,0
"M04","TGFBR2","fs_indel",0.079731027857829,1
"M04","TGFBR2","missense",0.10566762728146,1
"M04","TGFBR2","missense",0.106628242074928,1
"RA17_22","TGFBR2","LOH",0.142513863216266,0
"RA21_17","SMAD3","missense",0.150653694131955,0
"M13","SMAD3","LOH",0.190596562184024,0
"M04","ARID1A","splice_site_variant",0.203650336215178,0
"RA21_17","BMPR1A","LOH",0.24767120483161,0
"RA17_13","TGFBR1","nonsense",0.255594499865193,1
"RA17_13","TGFBR2","LOH",0.302639532540802,0
"RA17_13","TGFBR1","nonsense",0.337557293070909,1
"M13","ARID1A","splice_site_variant",0.35929463629684,0
"RA15_06","SMAD4","missense",0.38268156424581,0
"BPA-3","BMPR1A","LOH",0.408232628398792,0
"RA20_05","ARID1A","fs_indel",0.447599164926931,0
"RA20_05","SMAD4","splice_site_variant",0.478496868475992,0
"M07","SMAD4","HOMDEL",0.5,0
"RA21_17","SMAD4","HOMDEL",0.5,0
"M11","SMAD4","fs_indel",0.614169215086646,0
"RA17_13","SMAD4","missense",0.644108924238339,0
"RA16_29","ARID2","nonsense",0.649362907031619,0
"RA15_06","ARID1A","fs_indel",0.657541899441341,0
"M11","SMAD3","missense",0.680937818552497,0
"RA19_21","SMAD2","nonsense",0.682451253481894,0
"RA17_22","SMAD4","missense",0.704486466444197,0
"RA17_22","SMAD4","missense",0.706711160548758,0
"M13","TGFBR2","LOH",0.712841253791709,0
"RA19_21","SMAD4","nonsense",0.736304549675023,0
"RA17_22","SMAD4","HOMDEL",0.8,0
"BPA-1","ARID1A","missense",0.858048162230672,0
"M12","SMAD4","missense",0.864743011722272,0
"BPA-5","SMAD4","nonsense",0.871212121212121,0
"RA19_02","SMAD4","nonsense",0.888888888888889,0
"RA16_29","ARID2","nonsense",0.976875884851345,0
"RA15_06","TGFBR2","HOMDEL",1,1
"RA16_08","TGFBR2","HOMDEL",1,0
"RA16_08","ACVR1B","HOMDEL",1,0
"RA16_08","BMPR1A","HOMDEL",1,0
"RA16_29","SMAD4","HOMDEL",1,0
"TP12","SMAD4","HOMDEL",1,0
"TP49","SMAD4","HOMDEL",1,0
"BPA-3","SMAD4","HOMDEL",1,0
"M11","SMAD2","LOH",1,0
"RA15_06","TGFBR1","LOH",1,0
"RA19_02","TGFBR2","LOH",1,0
"RA19_02","TGFBR1","LOH",1,0
"RA20_05","TGFBR1","LOH",1,0
"TP12","TGFBR2","LOH",1,0
"BPA-1","TGFBR1","LOH",1,0
"BPA-2","TGFBR2","LOH",1,0
"BPA-5","ARID1A","LOH",1,0
