,chr1:16474839:AC/A,chr20:57484241:C/T,chr16:3634746:C/A,chr1:158612236:A/G,chrX:70349947:A/C,chr2:148657117:G/A,chr3:30733044:T/A,chr15:41275014:T/G,chr17:41245466:G/A,chr3:9793347:C/T,chr11:102207622:A/G,chr17:7578210:T/C,chr10:88683122:T/C,chr17:7578190:T/C,chr5:38953665:G/GA,chr2:209113192:G/A,chr20:9560712:A/G,chr12:25398284:C/A,chr10:131506192:C/T,chr10:131506283:C/T,chr14:20818602:C/G,chr20:9520142:G/A,chr20:9560633:C/T,chr13:25052420:T/A,chr8:30933859:C/T,chr20:57484326:C/G,chr3:189604149:T/G,chr17:56438217:C/T,chr17:56448297:C/T,chr22:29130347:G/GT,chr1:11288758:G/A,cluster_id
cell_1-TP12-EUS-0T,1,0,1,1,1,0,0,1,1,0,0,0,0,1,1,1,0,1,0,0,0,0,0,1,0,0,0,0,0,1,0,3
cell_10-TP12-EUS-0T,1,0,0,0,1,0,0,0,1,-1,0,0,0,1,0,1,1,0,0,0,0,0,1,1,1,0,1,1,0,1,1,3
cell_100-TP12-EUS-0T,1,0,1,0,1,0,0,0,1,0,0,0,1,1,1,0,1,0,0,0,0,0,1,0,0,0,1,1,0,0,1,3
cell_101-TP12-EUS-0T,1,0,0,1,0,1,0,1,1,0,0,0,0,1,1,0,1,1,1,1,1,0,1,0,0,0,0,1,0,0,1,3
cell_102-TP12-EUS-0T,1,1,0,0,0,0,0,0,1,0,0,0,1,1,1,1,1,1,1,1,1,0,1,1,1,1,0,1,0,1,1,3
cell_103-TP12-EUS-0T,1,1,1,1,1,0,0,0,1,0,0,1,0,0,1,1,1,0,1,1,1,1,1,1,1,1,1,0,0,1,0,4
cell_104-TP12-EUS-0T,1,1,1,0,1,1,0,1,1,0,0,0,1,1,1,1,0,1,1,1,1,1,0,1,0,1,1,1,1,1,1,3
cell_105-TP12-EUS-0T,-1,0,0,0,1,1,0,-1,0,1,1,1,1,0,1,0,1,0,0,0,1,0,1,0,0,0,0,-1,1,1,0,4
cell_106-TP12-EUS-0T,1,0,1,0,-1,0,0,1,0,1,0,1,0,0,1,0,0,0,1,1,1,0,0,0,1,0,0,0,0,0,1,4
cell_107-TP12-EUS-0T,-1,0,1,0,1,0,0,-1,1,0,0,-1,0,-1,1,0,1,1,1,1,1,0,1,1,0,0,0,1,0,0,1,3
cell_108-TP12-EUS-0T,1,0,0,0,0,0,0,1,1,0,0,0,1,1,1,0,0,0,0,0,1,0,0,1,-1,0,-1,1,1,1,1,3
cell_109-TP12-EUS-0T,-1,1,1,0,1,1,0,-1,1,0,0,0,0,1,0,0,0,1,1,1,0,1,0,0,1,1,1,0,0,1,1,3
cell_11-TP12-EUS-0T,-1,1,1,0,1,0,0,0,1,0,0,0,1,1,0,0,1,0,0,0,0,0,1,0,1,1,0,1,0,1,1,3
cell_110-TP12-EUS-0T,0,0,0,0,0,1,1,0,1,0,0,1,1,0,1,1,0,0,0,0,0,0,0,1,1,0,0,0,1,1,0,4
cell_111-TP12-EUS-0T,1,0,0,0,0,1,0,1,1,0,0,0,1,0,1,0,0,0,0,0,1,1,0,1,1,0,0,1,0,0,1,4
cell_112-TP12-EUS-0T,0,1,0,0,1,0,1,0,1,1,0,1,0,0,1,0,1,0,0,0,0,1,1,1,0,1,1,0,0,1,1,4
cell_113-TP12-EUS-0T,1,0,1,1,0,0,0,1,0,1,0,1,0,0,-1,0,1,0,1,1,1,1,1,1,-1,0,1,0,0,1,0,4
cell_114-TP12-EUS-0T,0,1,1,1,1,1,1,1,1,1,0,0,0,1,1,1,0,0,1,1,0,0,0,0,1,1,0,1,0,1,1,3
cell_115-TP12-EUS-0T,0,1,1,0,1,0,0,0,0,0,0,1,0,0,1,0,0,0,0,0,1,0,0,0,0,1,0,0,1,0,1,3
cell_116-TP12-EUS-0T,1,1,1,0,0,1,0,-1,1,1,0,-1,1,-1,1,0,0,0,1,1,0,0,0,1,1,1,1,-1,0,0,0,3
cell_117-TP12-EUS-0T,-1,0,1,1,0,0,1,1,0,0,0,1,1,0,1,0,0,0,0,0,0,0,0,1,0,0,1,0,1,0,1,4
cell_118-TP12-EUS-0T,1,1,1,1,1,0,0,0,1,0,0,0,0,1,1,0,1,1,1,1,1,0,1,0,1,1,0,0,0,1,-1,3
cell_119-TP12-EUS-0T,0,1,0,0,1,0,0,1,0,1,0,1,0,0,1,1,1,0,1,1,0,0,1,0,0,1,0,0,1,1,0,4
cell_12-TP12-EUS-0T,1,0,0,1,1,0,0,0,1,0,0,1,1,0,1,0,1,0,1,1,0,1,1,0,1,0,0,0,-1,0,1,4
cell_120-TP12-EUS-0T,1,0,1,1,1,1,0,0,1,0,0,0,0,1,1,1,1,0,1,1,0,1,1,0,0,0,1,1,1,0,1,3
cell_121-TP12-EUS-0T,1,1,1,0,0,0,0,0,1,-1,-1,0,0,1,1,1,-1,0,1,1,1,0,-1,0,0,1,0,0,1,0,1,3
cell_122-TP12-EUS-0T,0,1,0,0,0,0,0,0,0,1,0,0,1,0,1,0,0,0,1,1,0,1,0,1,1,1,0,0,1,0,0,2
cell_13-TP12-EUS-0T,1,1,0,0,0,1,0,0,1,0,0,0,0,1,1,0,0,0,1,1,1,0,0,0,0,1,0,0,0,1,1,3
cell_14-TP12-EUS-0T,1,1,0,0,1,0,1,1,1,0,0,0,0,0,1,0,0,1,1,1,1,0,0,0,1,1,1,0,1,1,0,4
cell_15-TP12-EUS-0T,-1,0,1,0,1,1,0,-1,1,0,0,1,0,0,1,0,1,0,1,1,1,1,1,0,0,0,0,-1,1,1,1,3
cell_16-TP12-EUS-0T,1,1,1,0,1,1,0,0,1,1,0,1,1,0,0,0,0,0,0,0,0,1,0,1,0,1,0,0,1,0,1,4
cell_17-TP12-EUS-0T,1,0,1,0,1,1,0,1,1,0,0,0,0,1,1,0,1,1,0,0,0,1,1,1,1,0,1,1,0,1,1,3
cell_18-TP12-EUS-0T,1,0,1,0,0,0,0,1,1,0,0,0,1,1,1,0,1,1,1,1,0,0,1,0,0,0,1,0,0,1,1,3
cell_19-TP12-EUS-0T,0,1,0,0,1,0,0,0,1,1,0,0,1,1,1,0,1,0,0,0,0,1,1,0,1,1,1,0,0,0,1,3
cell_2-TP12-EUS-0T,-1,1,1,1,-1,1,0,0,1,0,0,1,0,0,0,0,0,1,-1,-1,1,0,0,1,1,1,1,0,0,0,0,3
cell_20-TP12-EUS-0T,1,0,1,0,1,1,0,1,1,0,0,0,0,1,1,0,0,0,1,1,0,0,0,1,0,0,0,1,0,0,1,3
cell_21-TP12-EUS-0T,1,0,1,1,1,-1,0,1,0,1,0,0,1,0,0,1,1,0,0,0,0,1,1,1,0,0,0,0,0,0,0,4
cell_22-TP12-EUS-0T,-1,1,0,1,-1,1,0,1,1,-1,0,0,1,1,1,0,1,0,0,0,0,1,1,0,1,1,0,0,1,0,1,0
cell_23-TP12-EUS-0T,1,0,1,0,1,1,0,0,1,0,0,0,0,1,1,1,1,0,1,1,0,0,1,0,1,0,0,1,0,1,1,3
cell_24-TP12-EUS-0T,1,0,0,0,1,0,0,1,0,0,0,1,0,0,1,0,-1,0,1,1,0,0,-1,1,0,0,1,1,0,1,1,3
cell_25-TP12-EUS-0T,-1,0,1,0,0,0,1,0,1,0,0,0,1,1,1,1,1,0,1,1,1,1,1,1,1,0,1,1,0,0,1,3
cell_26-TP12-EUS-0T,1,1,0,0,1,-1,0,0,0,0,0,0,1,1,1,0,1,1,0,0,1,1,1,1,1,1,1,0,0,0,1,3
cell_27-TP12-EUS-0T,1,0,0,1,1,0,0,1,0,0,0,0,0,1,1,1,1,0,0,0,0,1,1,1,0,0,0,1,1,0,1,3
cell_28-TP12-EUS-0T,0,1,1,1,0,0,1,1,0,1,0,1,1,0,1,0,1,0,0,0,0,1,1,0,1,1,0,1,1,0,0,4
cell_29-TP12-EUS-0T,1,0,0,0,0,1,0,1,1,0,0,0,1,0,0,0,0,0,1,1,1,1,0,0,0,0,1,0,0,1,1,4
cell_3-TP12-EUS-0T,1,1,1,0,0,1,-1,1,1,1,0,0,1,1,1,0,1,0,0,0,0,1,1,0,0,1,0,0,1,0,1,4
cell_30-TP12-EUS-0T,1,0,1,0,0,1,1,1,0,0,0,0,1,0,1,0,0,0,0,0,0,1,0,0,0,0,0,0,1,0,1,0
cell_31-TP12-EUS-0T,1,0,1,0,1,1,0,0,1,0,0,0,0,0,1,0,0,0,1,1,0,0,0,0,1,0,0,1,0,0,1,3
cell_32-TP12-EUS-0T,1,0,1,0,0,0,0,1,1,0,0,0,0,1,1,1,1,1,1,1,0,1,1,1,1,0,0,1,1,0,1,3
cell_33-TP12-EUS-0T,1,1,0,0,1,0,0,1,1,0,0,0,0,1,1,0,1,0,0,0,1,1,1,1,0,1,0,1,0,0,1,3
cell_34-TP12-EUS-0T,1,0,1,0,0,0,0,1,0,-1,0,0,1,1,1,1,0,1,1,1,1,0,0,0,1,0,0,1,1,1,1,3
cell_35-TP12-EUS-0T,1,1,1,1,1,0,0,0,1,0,0,0,1,1,1,1,1,0,0,0,0,1,1,1,0,1,1,1,0,0,1,4
cell_36-TP12-EUS-0T,-1,1,0,0,-1,0,0,0,1,0,0,-1,1,-1,0,0,1,0,1,1,0,0,1,0,-1,1,1,1,1,1,1,4
cell_37-TP12-EUS-0T,1,1,1,0,1,0,0,0,0,1,0,0,0,0,1,1,0,0,0,0,1,0,0,1,1,1,1,0,1,1,1,3
cell_38-TP12-EUS-0T,1,1,1,0,1,0,0,1,1,0,0,-1,0,-1,1,1,0,1,0,0,0,0,0,0,0,1,1,1,0,1,1,4
cell_39-TP12-EUS-0T,1,0,0,1,0,1,0,1,1,0,0,0,0,1,1,0,1,1,0,0,0,0,1,0,0,0,1,1,0,1,1,3
cell_4-TP12-EUS-0T,1,1,0,1,0,0,0,0,1,0,0,0,1,1,1,1,1,1,0,0,1,0,1,0,1,1,0,1,0,0,1,3
cell_40-TP12-EUS-0T,1,1,0,0,1,0,1,0,1,0,0,1,1,0,1,1,1,0,1,1,1,0,1,0,0,1,1,0,1,1,0,4
cell_41-TP12-EUS-0T,1,0,1,0,0,1,0,-1,1,0,0,0,0,1,1,1,1,0,1,1,0,0,1,1,0,0,1,1,0,1,1,3
cell_42-TP12-EUS-0T,0,0,0,0,0,0,-1,-1,1,-1,-1,0,0,0,-1,-1,1,0,0,0,0,0,1,1,1,0,-1,0,1,0,1,3
cell_43-TP12-EUS-0T,-1,0,1,0,1,0,0,-1,0,0,0,0,1,0,1,1,0,0,0,0,1,0,0,0,1,0,1,-1,0,0,0,4
cell_44-TP12-EUS-0T,1,-1,0,0,1,1,0,0,1,0,0,0,0,0,1,1,0,0,0,0,1,0,0,0,0,-1,1,1,0,1,1,3
cell_45-TP12-EUS-0T,1,1,1,0,0,0,0,1,1,0,0,0,0,1,1,1,1,1,1,1,1,0,1,0,1,1,0,0,0,1,1,3
cell_46-TP12-EUS-0T,1,1,0,0,0,1,0,1,1,0,0,0,1,1,1,0,0,0,1,1,1,1,0,1,1,1,1,0,0,0,1,3
cell_47-TP12-EUS-0T,0,1,0,1,-1,1,0,1,1,0,0,0,0,0,1,0,0,0,0,0,1,1,0,0,0,1,0,0,1,1,0,2
cell_48-TP12-EUS-0T,1,1,0,0,-1,1,0,1,0,0,0,0,0,1,1,0,1,1,1,1,0,0,1,0,1,1,1,1,0,1,1,3
cell_49-TP12-EUS-0T,1,1,0,0,0,1,0,0,1,0,0,0,0,1,1,1,1,1,0,0,1,1,1,0,0,1,0,1,1,1,1,3
cell_5-TP12-EUS-0T,-1,0,1,0,0,1,0,-1,0,0,0,0,1,1,1,0,1,1,-1,-1,0,1,1,0,0,0,1,-1,0,1,1,3
cell_50-TP12-EUS-0T,-1,0,0,0,0,1,-1,1,1,0,0,0,0,1,1,1,1,1,0,0,1,0,1,1,1,0,0,1,0,1,-1,3
cell_51-TP12-EUS-0T,-1,0,1,0,1,1,0,0,1,1,0,1,0,0,1,0,1,0,0,0,0,0,1,1,1,0,0,0,0,1,0,4
cell_52-TP12-EUS-0T,1,0,0,1,0,1,0,1,1,0,0,0,0,1,1,1,1,1,0,0,0,1,1,0,1,0,1,1,1,0,1,3
cell_53-TP12-EUS-0T,1,0,1,0,0,0,0,0,1,0,0,0,1,1,1,0,1,1,0,0,0,1,1,1,1,0,0,1,0,1,1,3
cell_54-TP12-EUS-0T,1,0,0,0,1,1,0,1,1,0,0,0,0,1,1,0,1,1,0,0,1,1,1,-1,1,0,0,1,1,0,1,3
cell_55-TP12-EUS-0T,0,1,0,1,0,0,0,-1,1,0,0,0,0,1,1,1,0,0,1,1,1,1,0,0,0,1,0,1,0,1,1,4
cell_56-TP12-EUS-0T,1,1,0,0,1,0,0,1,1,0,0,0,0,1,1,1,1,-1,0,0,0,0,1,1,0,1,1,0,0,0,1,3
cell_57-TP12-EUS-0T,0,1,1,1,1,1,1,0,0,0,0,1,1,0,1,1,0,0,1,1,0,1,0,1,0,1,1,0,1,1,1,2
cell_58-TP12-EUS-0T,1,0,0,0,0,0,0,1,1,0,0,0,1,1,1,1,1,1,0,0,1,0,1,1,0,0,1,1,0,1,1,3
cell_59-TP12-EUS-0T,0,0,1,0,0,0,0,1,1,0,0,0,0,1,1,0,0,1,0,0,0,1,0,1,1,0,1,1,0,0,1,3
cell_6-TP12-EUS-0T,0,0,0,0,0,0,0,-1,1,0,0,0,1,1,0,0,0,1,0,0,1,1,0,0,1,0,1,1,0,0,1,3
cell_60-TP12-EUS-0T,1,1,1,0,1,0,1,0,0,0,-1,1,1,0,1,1,1,0,1,1,-1,1,1,1,0,1,0,0,1,1,0,4
cell_61-TP12-EUS-0T,0,0,1,1,0,1,1,-1,0,0,0,1,1,0,1,1,0,0,0,0,0,1,0,1,1,0,0,1,0,1,1,4
cell_62-TP12-EUS-0T,1,1,1,0,1,1,0,1,0,-1,0,0,1,0,1,0,0,0,0,0,1,0,0,0,0,1,1,0,1,0,1,4
cell_63-TP12-EUS-0T,-1,0,0,0,1,0,0,-1,1,0,0,0,0,0,1,0,1,1,1,1,1,1,1,0,1,0,0,1,0,1,1,3
cell_64-TP12-EUS-0T,1,0,0,0,1,1,0,1,0,0,0,0,1,1,1,1,1,1,1,1,0,0,1,1,0,0,0,1,0,0,1,3
cell_65-TP12-EUS-0T,1,1,0,0,0,1,0,1,1,0,0,0,0,1,1,1,1,0,0,0,0,1,1,1,1,1,0,0,0,1,1,3
cell_66-TP12-EUS-0T,-1,0,1,0,1,0,0,-1,1,0,0,1,1,0,1,0,0,0,0,0,0,1,0,0,0,0,0,-1,0,0,1,4
cell_67-TP12-EUS-0T,1,1,1,0,0,0,-1,0,1,0,-1,-1,0,-1,1,1,1,0,1,1,-1,0,1,0,0,1,0,1,0,1,-1,3
cell_68-TP12-EUS-0T,0,0,0,1,1,1,0,0,1,0,1,0,0,1,1,1,0,1,1,1,0,0,0,-1,0,0,0,0,0,0,0,4
cell_69-TP12-EUS-0T,-1,-1,1,0,-1,1,-1,0,1,0,0,0,0,1,1,0,0,1,0,0,1,0,0,1,1,-1,1,1,1,0,1,3
cell_7-TP12-EUS-0T,1,0,1,0,1,1,1,0,1,1,0,0,1,0,1,1,1,0,1,1,1,1,1,0,0,0,1,0,1,1,0,4
cell_70-TP12-EUS-0T,-1,0,1,1,0,1,0,-1,0,0,0,0,1,1,1,1,1,1,0,0,0,1,1,1,0,0,1,1,0,0,1,3
cell_71-TP12-EUS-0T,-1,0,1,0,1,1,0,1,1,0,0,0,0,1,1,0,0,1,1,1,1,1,0,0,0,0,0,1,0,0,1,1
cell_72-TP12-EUS-0T,-1,1,0,0,1,1,0,-1,1,0,0,0,1,1,0,1,0,0,-1,-1,1,0,0,1,0,1,1,-1,0,0,1,3
cell_73-TP12-EUS-0T,-1,1,0,0,0,0,-1,1,1,0,0,0,0,1,1,1,0,1,1,1,0,1,0,0,1,1,1,1,1,0,1,3
cell_74-TP12-EUS-0T,-1,1,0,0,1,0,0,0,1,0,0,1,1,0,1,0,1,1,1,1,1,0,1,0,1,1,1,1,1,1,1,3
cell_75-TP12-EUS-0T,-1,1,0,1,0,0,0,0,1,0,0,0,1,0,1,1,0,0,1,1,1,0,0,0,1,1,0,1,0,0,1,3
cell_76-TP12-EUS-0T,-1,0,1,0,0,0,0,-1,1,0,0,0,0,1,-1,1,0,1,1,1,1,0,0,1,0,0,1,-1,0,0,1,4
cell_77-TP12-EUS-0T,1,1,1,0,1,0,1,1,1,1,0,0,1,0,1,0,1,0,0,0,1,1,1,0,1,1,1,0,1,1,0,3
cell_78-TP12-EUS-0T,0,0,1,0,1,1,1,0,1,0,0,1,1,0,1,0,1,0,0,0,1,1,1,0,-1,0,1,0,0,1,1,2
cell_79-TP12-EUS-0T,-1,1,1,0,0,1,0,-1,1,1,0,0,1,1,1,0,0,0,0,0,1,0,0,1,1,1,1,-1,0,0,1,1
cell_8-TP12-EUS-0T,1,0,0,0,1,1,0,1,1,0,0,0,1,1,1,1,0,1,1,1,1,1,0,0,1,0,1,0,1,0,1,3
cell_80-TP12-EUS-0T,-1,1,1,1,0,0,0,0,1,0,0,0,0,1,1,0,0,1,0,0,0,1,0,1,0,1,1,0,0,1,1,3
cell_81-TP12-EUS-0T,1,1,0,1,1,0,1,0,1,0,0,0,1,1,1,1,0,1,0,0,0,0,0,0,0,1,0,1,1,1,1,2
cell_82-TP12-EUS-0T,-1,0,1,0,0,0,0,0,1,0,0,1,0,0,1,0,0,1,0,0,1,0,0,1,-1,0,1,1,0,1,1,3
cell_83-TP12-EUS-0T,1,1,1,1,0,0,0,1,1,-1,0,0,1,1,1,1,1,0,1,1,0,1,1,0,0,1,1,1,0,0,1,3
cell_84-TP12-EUS-0T,-1,0,1,1,1,0,0,-1,1,0,0,0,1,0,1,0,0,0,0,0,1,0,0,1,1,0,0,1,0,1,0,3
cell_85-TP12-EUS-0T,1,1,0,0,1,0,1,1,0,0,0,1,1,0,1,0,0,0,1,1,0,1,0,0,0,1,0,0,-1,1,1,5
cell_86-TP12-EUS-0T,1,1,0,0,0,0,1,1,1,-1,0,0,1,1,0,1,1,1,0,0,0,1,1,1,0,1,0,1,0,0,1,3
cell_87-TP12-EUS-0T,1,0,1,0,1,0,0,1,1,0,0,0,1,1,1,1,0,1,1,1,1,1,0,1,1,0,1,1,1,0,1,3
cell_88-TP12-EUS-0T,1,1,1,0,0,0,1,1,0,1,0,0,0,0,1,1,0,0,1,1,1,1,0,-1,1,1,1,0,1,0,1,4
cell_89-TP12-EUS-0T,-1,1,0,0,0,1,0,0,0,1,0,0,1,0,0,0,0,0,0,0,0,1,0,0,1,1,1,0,1,0,1,4
cell_9-TP12-EUS-0T,-1,0,1,0,1,0,0,1,0,1,0,0,0,0,1,0,0,1,1,1,1,1,0,0,0,0,1,1,0,0,0,3
cell_90-TP12-EUS-0T,1,1,0,0,0,1,0,0,1,0,0,0,1,1,1,0,0,0,1,1,1,1,0,1,1,0,0,1,0,1,1,3
cell_91-TP12-EUS-0T,-1,0,1,0,0,1,0,0,0,1,0,0,1,0,1,0,0,0,0,0,0,1,0,1,-1,0,1,0,1,1,1,4
cell_92-TP12-EUS-0T,1,0,0,0,0,0,0,0,0,0,0,0,1,1,1,0,1,0,0,0,0,0,1,0,0,0,0,0,0,0,1,3
cell_93-TP12-EUS-0T,-1,1,-1,0,0,1,0,-1,1,0,0,-1,1,-1,1,1,1,0,1,1,0,0,1,1,1,1,0,-1,0,0,0,3
cell_94-TP12-EUS-0T,-1,1,0,1,1,1,0,-1,1,0,0,-1,1,-1,1,1,0,0,1,1,1,1,0,0,1,1,1,-1,0,1,0,3
cell_95-TP12-EUS-0T,-1,1,0,0,0,1,0,-1,0,0,0,0,1,1,1,0,0,0,1,1,1,1,0,0,1,1,1,-1,0,1,0,3
cell_96-TP12-EUS-0T,1,1,1,0,0,1,0,0,1,0,0,0,1,1,0,0,1,1,0,0,0,1,1,0,0,1,1,1,0,0,1,3
cell_97-TP12-EUS-0T,1,0,1,0,1,0,0,0,1,0,0,0,0,1,1,1,0,1,0,0,0,1,0,1,1,0,0,1,0,1,1,3
cell_98-TP12-EUS-0T,-1,0,0,0,1,1,0,-1,1,0,0,0,1,1,1,1,1,0,1,1,0,1,1,1,0,0,1,1,0,1,1,3
cell_99-TP12-EUS-0T,-1,1,1,0,-1,1,0,-1,1,0,0,0,0,1,-1,0,0,0,0,0,1,0,0,0,1,1,0,0,0,0,1,3
cell_1-TP12-IR-2T,1,1,0,0,1,1,1,1,0,0,0,1,0,0,1,1,0,0,1,1,-1,1,0,1,0,0,1,0,1,0,1,4
cell_10-TP12-IR-2T,1,0,0,0,0,1,0,1,1,0,0,0,1,1,1,1,0,1,0,0,0,1,0,0,1,0,1,1,0,0,1,3
cell_100-TP12-IR-2T,0,0,0,0,1,0,0,1,0,1,0,1,1,0,1,0,0,0,0,0,1,0,0,0,1,1,1,0,1,0,1,4
cell_101-TP12-IR-2T,1,0,0,0,-1,0,1,0,1,0,0,1,1,0,1,0,0,0,0,0,0,1,0,-1,-1,0,0,0,0,0,0,4
cell_102-TP12-IR-2T,1,1,0,0,1,0,0,0,1,-1,0,1,1,0,1,1,0,0,0,0,0,0,0,1,1,1,0,0,1,0,1,3
cell_103-TP12-IR-2T,1,0,0,1,1,1,1,0,1,0,0,0,1,1,-1,1,0,0,1,1,0,0,0,1,-1,0,0,1,1,1,1,3
cell_104-TP12-IR-2T,0,0,0,1,1,1,0,0,1,0,1,0,0,0,1,0,0,0,0,0,1,0,0,0,0,0,0,0,1,0,1,4
cell_105-TP12-IR-2T,0,0,0,0,0,1,0,1,1,1,0,0,-1,0,0,0,0,0,0,0,1,0,0,0,1,0,0,0,1,0,0,4
cell_106-TP12-IR-2T,0,1,0,0,0,1,0,1,0,0,0,1,1,0,0,1,1,0,1,1,0,0,1,0,1,1,1,0,0,1,0,4
cell_107-TP12-IR-2T,1,0,1,0,0,1,0,0,1,0,0,0,1,1,1,0,1,1,0,0,0,1,1,0,0,0,1,0,0,0,1,3
cell_108-TP12-IR-2T,1,0,0,1,0,0,0,1,0,1,0,0,1,0,1,0,0,0,0,0,0,1,0,0,1,0,0,0,0,1,0,4
cell_109-TP12-IR-2T,0,0,0,0,1,1,0,0,0,1,0,0,0,0,1,0,1,0,0,0,0,0,1,1,1,0,0,0,-1,0,0,4
cell_11-TP12-IR-2T,-1,1,0,0,0,1,1,0,1,0,0,1,1,0,1,1,0,0,0,0,1,0,0,0,1,1,1,1,0,0,1,4
cell_110-TP12-IR-2T,0,0,0,0,1,1,0,0,0,1,0,0,0,0,1,1,1,0,1,1,0,0,1,0,0,0,1,0,0,1,0,4
cell_111-TP12-IR-2T,0,1,1,0,1,0,0,1,1,1,0,0,1,0,1,1,1,0,0,0,1,1,1,1,1,1,0,0,1,1,1,4
cell_112-TP12-IR-2T,1,1,1,0,1,1,0,1,0,0,0,0,1,1,1,1,0,1,1,1,1,0,0,0,0,1,1,1,0,0,1,3
cell_113-TP12-IR-2T,1,1,1,0,0,0,0,1,1,0,0,0,1,1,1,0,1,1,0,0,1,0,1,0,0,1,1,0,0,1,1,3
cell_114-TP12-IR-2T,1,0,1,0,1,0,0,0,1,1,0,1,1,0,1,0,1,0,1,1,1,0,1,0,1,0,1,0,1,1,1,2
cell_115-TP12-IR-2T,1,1,1,0,-1,1,0,0,1,0,0,0,1,0,1,1,1,0,1,1,1,1,1,0,0,1,1,0,1,0,0,4
cell_116-TP12-IR-2T,0,0,0,0,1,1,1,-1,-1,0,0,-1,0,-1,1,1,0,0,0,0,0,1,0,1,0,0,0,0,0,-1,0,1
cell_117-TP12-IR-2T,1,1,1,0,1,0,0,0,1,0,0,0,0,1,1,0,0,1,1,1,0,0,0,1,0,1,0,1,0,1,1,3
cell_118-TP12-IR-2T,-1,1,1,0,1,0,1,-1,0,0,-1,1,1,0,1,1,1,0,0,0,1,0,1,0,0,1,0,1,0,1,1,3
cell_119-TP12-IR-2T,1,0,0,0,0,1,1,0,0,0,0,1,1,0,0,0,0,0,0,0,0,0,0,1,0,0,1,0,1,1,1,4
cell_12-TP12-IR-2T,1,1,1,0,1,0,0,0,1,0,0,0,0,1,1,0,0,1,0,0,1,0,0,1,0,1,1,0,0,0,1,3
cell_120-TP12-IR-2T,0,1,1,0,0,0,1,1,0,0,0,0,1,0,1,0,0,0,1,1,0,0,0,0,0,1,0,0,0,0,1,2
cell_121-TP12-IR-2T,0,1,0,0,1,1,-1,1,0,1,0,0,0,0,1,-1,1,0,0,0,1,0,1,0,1,1,1,0,0,1,0,4
cell_122-TP12-IR-2T,1,1,0,0,1,1,1,0,1,1,0,0,1,0,1,0,0,0,0,0,0,0,0,0,1,1,0,0,1,0,0,4
cell_123-TP12-IR-2T,1,0,1,0,0,1,1,1,1,0,0,0,0,0,1,0,1,0,1,1,0,0,1,0,1,0,1,0,0,0,1,3
cell_124-TP12-IR-2T,1,1,0,0,0,0,0,1,1,0,0,0,1,1,1,0,0,1,1,1,1,1,0,1,0,1,1,1,1,1,1,3
cell_125-TP12-IR-2T,-1,1,0,0,1,0,0,0,0,1,0,0,0,0,1,1,0,0,0,0,1,1,0,0,1,1,0,-1,1,1,1,4
cell_126-TP12-IR-2T,1,0,0,0,0,0,0,0,0,0,0,0,1,1,1,0,1,1,1,1,0,0,1,0,0,0,1,0,0,1,1,3
cell_127-TP12-IR-2T,1,0,0,0,0,0,0,-1,1,0,0,0,1,0,1,1,0,1,1,1,0,0,0,1,0,0,0,1,0,1,1,3
cell_128-TP12-IR-2T,1,0,1,0,1,0,0,1,1,0,0,0,1,1,1,1,0,1,0,0,1,1,0,0,0,0,0,1,0,1,1,1
cell_129-TP12-IR-2T,1,1,1,0,1,0,1,1,0,1,0,0,1,0,1,1,1,0,1,1,0,0,1,-1,0,1,1,0,1,0,1,4
cell_13-TP12-IR-2T,1,1,0,0,1,1,0,1,0,0,0,1,1,0,1,1,1,0,1,1,1,0,1,0,1,1,0,0,1,1,1,4
cell_130-TP12-IR-2T,0,0,0,1,1,1,1,0,0,0,0,1,0,0,1,0,0,0,1,1,1,1,0,1,1,0,1,0,1,1,1,4
cell_131-TP12-IR-2T,-1,0,0,0,1,1,0,-1,1,0,0,0,1,1,1,1,0,1,1,1,1,0,0,1,1,0,1,1,0,0,1,3
cell_132-TP12-IR-2T,1,0,1,0,0,1,0,0,0,0,0,1,1,0,1,1,1,1,0,0,1,1,1,0,0,0,0,0,1,0,1,3
cell_133-TP12-IR-2T,1,1,0,0,1,1,0,0,0,0,0,1,0,0,0,0,0,0,0,0,1,1,0,1,1,1,0,0,1,0,0,4
cell_134-TP12-IR-2T,0,1,0,0,-1,0,-1,0,1,0,0,1,1,0,1,0,1,0,1,1,0,0,1,0,0,1,1,0,1,0,1,4
cell_135-TP12-IR-2T,1,1,0,0,0,1,0,1,0,0,0,1,1,0,1,0,0,-1,0,0,1,1,0,0,1,1,0,-1,0,1,0,4
cell_136-TP12-IR-2T,0,1,0,0,0,1,0,1,0,0,0,1,1,0,1,0,1,0,1,1,0,1,1,1,0,1,0,0,0,1,0,4
cell_137-TP12-IR-2T,1,0,1,0,0,0,0,0,0,1,0,1,1,0,1,0,1,0,0,0,1,1,1,0,1,0,0,0,0,1,1,4
cell_138-TP12-IR-2T,0,0,0,0,-1,0,1,1,1,0,-1,1,0,0,1,0,1,0,1,1,1,1,1,1,1,0,0,0,1,1,1,4
cell_139-TP12-IR-2T,1,1,0,0,1,0,0,0,1,0,0,0,0,1,1,1,1,1,1,1,1,0,1,0,0,1,0,1,1,1,1,3
cell_14-TP12-IR-2T,0,0,0,0,1,1,0,0,0,1,0,0,0,0,1,1,0,1,0,0,0,0,0,0,1,0,0,0,1,1,1,3
cell_140-TP12-IR-2T,1,0,1,1,0,1,1,1,0,0,0,1,1,0,0,0,0,0,0,0,1,1,0,1,1,0,0,0,-1,0,1,4
cell_141-TP12-IR-2T,1,0,1,0,1,1,1,0,0,0,0,1,1,0,1,0,0,0,0,0,0,0,0,0,1,0,0,0,1,0,0,4
cell_142-TP12-IR-2T,0,1,0,0,1,0,0,0,1,0,0,0,1,0,1,1,1,0,1,1,1,1,1,1,1,1,0,0,0,0,1,3
cell_143-TP12-IR-2T,-1,1,0,0,0,0,0,-1,1,0,0,-1,1,-1,0,0,1,1,1,1,1,0,1,1,1,1,1,1,0,1,1,3
cell_144-TP12-IR-2T,1,0,1,0,0,1,0,0,1,0,0,0,1,1,0,1,1,1,1,1,1,0,1,0,1,0,0,1,0,0,1,3
cell_145-TP12-IR-2T,0,1,0,0,0,0,0,0,1,0,0,0,0,1,1,0,1,1,1,1,1,1,1,1,0,1,0,0,0,1,1,3
cell_146-TP12-IR-2T,1,1,0,1,1,1,0,0,1,1,0,1,0,0,1,0,1,0,0,0,1,0,1,0,0,1,0,1,0,1,1,4
cell_147-TP12-IR-2T,-1,1,1,0,0,0,0,-1,1,1,0,0,1,0,1,0,1,0,0,0,0,1,1,0,1,1,1,1,0,0,1,3
cell_148-TP12-IR-2T,1,1,0,0,1,0,0,1,1,0,0,0,1,1,1,1,1,1,0,0,0,1,1,1,0,1,1,1,0,0,1,3
cell_149-TP12-IR-2T,1,0,1,0,1,0,0,0,1,0,0,0,1,1,1,1,1,1,0,0,1,1,1,1,1,0,0,1,0,0,1,3
cell_15-TP12-IR-2T,0,1,1,0,1,0,0,0,1,0,0,0,0,1,1,1,0,1,0,0,1,0,0,0,0,1,1,0,1,1,1,3
cell_150-TP12-IR-2T,-1,1,1,0,0,1,0,0,1,0,0,1,1,0,1,0,0,0,1,1,1,0,0,0,0,1,0,0,1,-1,1,4
cell_151-TP12-IR-2T,1,0,1,1,1,0,0,0,1,-1,0,0,0,1,1,1,0,1,0,0,1,1,0,1,1,0,1,0,1,1,1,3
cell_152-TP12-IR-2T,1,1,0,0,0,0,0,0,0,0,0,0,1,1,1,1,0,1,1,1,0,0,0,1,0,1,0,1,0,0,1,3
cell_153-TP12-IR-2T,1,0,0,0,0,1,0,1,0,0,0,0,1,0,1,1,0,0,0,0,0,0,0,0,0,0,0,0,1,0,1,4
cell_154-TP12-IR-2T,-1,0,1,0,0,0,0,0,0,1,0,0,0,0,1,1,0,0,1,1,1,1,0,1,1,0,1,0,1,1,1,4
cell_155-TP12-IR-2T,-1,1,0,0,1,0,0,-1,1,1,0,0,0,0,1,0,0,0,1,1,1,0,0,1,1,1,1,-1,1,0,0,4
cell_156-TP12-IR-2T,1,0,1,1,0,0,0,1,1,0,0,0,0,0,1,1,0,0,1,1,0,1,0,0,0,0,1,0,1,1,0,4
cell_157-TP12-IR-2T,1,0,1,0,0,1,0,1,1,0,0,0,1,1,1,0,0,0,1,1,1,0,0,1,0,0,0,0,0,1,1,3
cell_158-TP12-IR-2T,0,0,1,-1,1,1,1,1,0,0,0,0,1,0,1,0,0,0,0,0,0,1,0,0,0,0,0,0,0,0,1,4
cell_159-TP12-IR-2T,0,0,1,0,0,1,1,1,0,0,0,1,1,0,1,0,0,0,1,1,0,1,0,0,0,0,0,0,1,1,0,4
cell_16-TP12-IR-2T,1,0,1,0,1,1,0,0,1,0,0,0,0,1,1,1,1,1,0,0,0,0,1,0,1,0,1,1,0,0,1,3
cell_160-TP12-IR-2T,1,0,1,0,1,0,0,0,0,0,0,0,0,0,1,0,0,1,0,0,1,1,0,0,0,0,1,1,0,0,0,4
cell_161-TP12-IR-2T,1,1,0,0,1,0,1,1,0,1,0,0,1,0,1,1,1,0,1,1,1,1,1,1,1,1,1,0,1,1,1,4
cell_162-TP12-IR-2T,1,0,0,1,0,1,0,1,0,0,0,1,1,0,1,0,0,0,0,0,1,1,0,0,1,0,0,0,1,0,1,4
cell_163-TP12-IR-2T,1,1,1,0,0,1,0,0,1,1,0,0,1,0,1,1,0,0,0,0,0,1,0,0,1,1,1,0,0,0,0,4
cell_164-TP12-IR-2T,1,1,0,0,1,1,0,0,1,-1,0,0,0,1,1,0,1,1,1,1,0,1,1,0,0,1,0,1,0,1,1,3
cell_165-TP12-IR-2T,0,1,0,0,1,0,1,1,0,1,0,0,0,0,1,0,1,0,0,0,1,1,1,1,0,1,0,0,0,1,1,4
cell_166-TP12-IR-2T,1,1,0,0,1,1,0,1,0,0,0,0,1,1,1,1,0,1,0,0,1,0,0,1,1,1,0,1,0,0,1,3
cell_167-TP12-IR-2T,0,0,1,1,1,0,1,0,1,1,0,0,0,0,0,0,1,0,0,0,1,0,1,0,1,0,1,-1,-1,1,1,4
cell_168-TP12-IR-2T,-1,0,1,0,1,1,0,1,1,0,0,0,0,1,0,0,1,1,0,0,0,1,1,1,0,0,0,0,0,0,1,3
cell_169-TP12-IR-2T,1,1,0,0,0,0,0,0,1,0,0,0,1,1,1,0,0,1,0,0,1,1,0,0,1,1,1,1,1,1,1,3
cell_17-TP12-IR-2T,1,0,1,0,1,1,0,0,1,0,0,0,1,1,1,1,0,0,1,1,0,1,0,0,0,0,1,0,0,0,1,3
cell_170-TP12-IR-2T,-1,0,0,1,0,1,0,0,1,0,0,1,1,0,1,1,1,1,1,1,0,1,1,1,1,0,1,1,0,1,1,3
cell_171-TP12-IR-2T,0,1,0,0,1,0,0,1,1,1,0,1,0,0,1,0,0,0,1,1,0,1,0,1,1,1,0,0,0,1,1,4
cell_172-TP12-IR-2T,0,1,1,0,0,1,1,1,1,1,0,1,1,0,1,1,0,0,0,0,1,0,0,1,0,1,1,0,1,1,0,4
cell_173-TP12-IR-2T,0,0,0,0,1,1,1,1,0,1,0,1,0,0,1,0,1,0,0,0,1,1,1,1,0,0,0,0,1,1,1,4
cell_174-TP12-IR-2T,1,1,1,0,0,1,1,0,1,1,-1,1,1,0,1,0,0,0,0,0,0,0,0,1,1,1,1,0,1,0,0,4
cell_175-TP12-IR-2T,1,0,1,0,0,1,0,0,1,0,0,0,1,1,1,0,0,1,1,1,1,0,0,1,1,0,1,1,0,0,1,3
cell_176-TP12-IR-2T,1,0,1,0,1,0,0,0,1,0,0,0,1,1,1,1,0,0,0,0,0,0,0,0,1,0,0,1,1,1,1,4
cell_177-TP12-IR-2T,1,0,0,0,1,0,1,1,0,0,0,0,1,0,1,1,1,0,1,1,0,1,1,0,0,0,0,0,0,0,1,4
cell_178-TP12-IR-2T,1,0,1,0,1,1,1,-1,1,0,0,1,0,0,1,0,1,0,0,0,1,0,1,0,0,0,0,0,0,1,0,1
cell_179-TP12-IR-2T,1,1,0,0,1,1,0,0,1,0,0,0,0,1,1,1,1,1,1,1,0,1,1,1,0,1,1,1,0,0,1,3
cell_18-TP12-IR-2T,1,0,1,1,0,0,0,0,1,0,0,0,1,1,1,1,0,0,0,0,0,1,0,1,1,0,0,1,0,1,1,3
cell_180-TP12-IR-2T,0,0,1,0,0,1,1,1,1,1,0,1,1,0,1,1,1,0,0,0,0,0,1,1,1,0,1,0,0,0,0,4
cell_181-TP12-IR-2T,1,0,1,0,0,1,1,0,1,1,0,1,1,0,1,0,1,0,1,1,1,1,1,1,1,0,0,0,0,1,0,3
cell_182-TP12-IR-2T,0,0,0,0,1,0,1,1,0,1,0,1,1,0,1,0,1,0,0,0,0,1,1,0,0,0,1,0,1,0,1,4
cell_183-TP12-IR-2T,1,0,0,0,0,0,0,0,1,0,0,0,0,1,1,1,1,1,1,1,0,0,1,0,1,0,0,1,0,1,1,3
cell_184-TP12-IR-2T,-1,0,1,0,0,0,1,0,0,0,0,1,0,0,0,0,1,0,1,1,0,1,1,1,0,0,1,-1,1,1,0,4
cell_185-TP12-IR-2T,0,1,1,1,1,0,1,0,1,0,0,1,1,0,1,0,0,0,1,1,1,0,0,1,0,1,0,0,0,1,1,4
cell_186-TP12-IR-2T,1,1,1,0,1,1,0,0,1,0,0,0,1,1,1,0,1,1,1,1,1,1,1,0,1,1,0,1,0,0,1,3
cell_187-TP12-IR-2T,-1,0,1,0,1,1,0,-1,0,0,0,1,0,0,-1,1,1,0,0,0,1,1,1,0,1,0,1,0,0,1,1,4
cell_188-TP12-IR-2T,1,0,1,0,0,0,1,1,1,0,0,0,0,0,1,0,1,0,1,1,1,0,1,1,1,0,1,0,0,1,0,1
cell_189-TP12-IR-2T,1,1,0,0,0,0,0,0,0,-1,0,0,1,1,1,1,0,0,1,1,0,1,0,0,1,1,0,0,0,0,1,3
cell_19-TP12-IR-2T,-1,1,1,0,0,0,-1,-1,0,1,0,0,0,0,1,1,0,0,1,1,1,1,0,1,1,1,1,-1,1,1,0,4
cell_190-TP12-IR-2T,1,0,0,-1,0,1,1,1,1,0,0,0,1,0,1,0,0,0,0,0,1,1,0,0,1,0,1,0,1,0,0,1
cell_191-TP12-IR-2T,1,1,1,0,1,1,0,1,1,0,0,0,0,1,1,0,0,1,0,0,0,1,0,1,1,1,0,0,1,0,1,3
cell_192-TP12-IR-2T,0,0,1,0,0,0,0,1,1,1,0,0,1,0,-1,1,0,0,1,1,1,1,0,1,0,0,0,0,1,1,0,4
cell_193-TP12-IR-2T,1,0,1,1,1,1,0,1,1,0,0,0,1,1,1,1,0,1,1,1,-1,1,0,0,0,0,1,1,1,1,1,3
cell_194-TP12-IR-2T,1,1,0,0,1,1,1,1,0,1,0,1,1,0,1,1,0,0,1,1,0,0,0,1,1,0,1,0,1,0,0,4
cell_195-TP12-IR-2T,1,0,0,0,0,1,1,0,0,1,-1,1,0,0,1,1,1,0,0,0,1,0,1,1,1,0,1,0,1,1,1,4
cell_196-TP12-IR-2T,1,0,1,0,0,0,0,1,0,1,0,0,1,0,1,0,0,0,0,0,0,0,0,0,1,0,1,0,1,1,1,4
cell_197-TP12-IR-2T,1,1,1,0,1,1,0,1,1,0,0,0,0,1,0,0,1,1,0,0,0,0,1,0,1,1,0,1,0,0,1,3
cell_198-TP12-IR-2T,1,0,0,0,1,0,1,0,0,1,-1,1,1,0,1,0,0,0,0,0,1,1,0,-1,0,0,0,0,1,1,1,4
cell_199-TP12-IR-2T,1,1,0,1,1,0,0,1,1,1,0,1,0,0,1,1,1,0,0,0,0,1,1,0,1,1,0,0,1,0,1,4
cell_2-TP12-IR-2T,-1,1,0,1,0,0,0,-1,0,0,0,0,1,0,1,0,1,0,1,1,0,1,1,1,0,1,0,-1,0,0,1,4
cell_20-TP12-IR-2T,1,-1,1,1,0,1,1,0,1,0,-1,0,1,0,1,0,0,0,1,1,1,0,0,1,0,-1,1,0,1,0,1,3
cell_200-TP12-IR-2T,1,0,1,1,1,0,0,1,0,1,0,1,0,0,0,1,0,0,0,0,1,0,0,1,1,0,0,0,1,1,1,2
cell_201-TP12-IR-2T,0,0,0,0,1,0,1,0,1,1,0,1,1,0,1,0,1,0,1,1,0,0,1,0,0,0,1,0,1,1,0,4
cell_202-TP12-IR-2T,0,1,0,1,1,0,-1,0,1,0,0,1,1,0,1,1,1,0,0,0,0,0,1,1,0,1,0,0,0,1,1,4
cell_203-TP12-IR-2T,0,-1,0,1,0,1,0,0,0,0,0,1,1,0,1,1,1,0,1,1,1,0,1,1,1,-1,0,0,1,1,1,0
cell_204-TP12-IR-2T,1,0,0,1,0,0,0,1,1,0,0,0,0,1,0,0,0,-1,0,0,0,0,0,0,0,0,0,0,0,1,1,3
cell_205-TP12-IR-2T,-1,1,0,0,1,1,0,0,0,0,0,0,1,1,1,0,1,1,0,0,0,1,1,1,1,1,0,0,1,1,1,3
cell_206-TP12-IR-2T,1,1,0,0,1,1,-1,1,0,0,0,0,1,0,-1,1,1,0,0,0,0,0,1,0,1,1,1,0,1,1,0,4
cell_207-TP12-IR-2T,1,0,0,0,1,0,0,0,0,0,0,0,1,0,1,1,0,0,0,0,-1,0,0,1,1,0,0,0,1,1,1,4
cell_208-TP12-IR-2T,-1,0,0,1,1,1,0,1,0,0,0,0,1,1,1,0,0,1,0,0,0,0,0,1,1,0,1,0,0,0,1,3
cell_209-TP12-IR-2T,0,1,0,0,0,1,1,0,0,0,0,1,1,0,0,1,1,0,1,1,0,1,1,0,1,1,1,0,0,1,1,4
cell_21-TP12-IR-2T,1,0,1,1,-1,1,0,1,1,1,0,-1,0,-1,1,0,1,0,1,1,1,1,1,1,1,0,1,-1,0,0,1,4
cell_210-TP12-IR-2T,1,1,1,0,1,0,0,0,1,0,0,0,0,1,1,1,1,1,1,1,0,0,1,0,1,1,0,1,0,0,1,3
cell_211-TP12-IR-2T,1,1,0,-1,1,1,1,0,1,1,0,1,0,0,1,1,1,0,0,0,-1,1,1,0,0,1,1,0,1,0,0,4
cell_212-TP12-IR-2T,1,0,1,0,0,1,0,0,1,1,0,1,1,0,1,1,1,1,1,1,0,1,1,1,0,0,0,0,0,1,1,3
cell_213-TP12-IR-2T,1,0,1,0,1,0,0,0,0,0,0,1,1,0,1,0,0,0,0,0,1,1,0,0,0,0,1,0,0,0,0,4
cell_214-TP12-IR-2T,1,0,0,0,1,0,0,0,1,1,0,1,0,0,1,1,0,0,0,0,0,1,0,1,0,0,0,0,1,0,1,4
cell_215-TP12-IR-2T,0,0,0,0,1,0,0,1,1,1,-1,0,1,0,0,1,0,0,1,1,-1,1,0,1,0,0,0,0,1,0,0,1
cell_216-TP12-IR-2T,1,1,0,0,1,0,0,0,1,0,0,0,0,1,1,0,1,1,1,1,1,0,1,0,1,1,1,0,0,1,1,3
cell_217-TP12-IR-2T,1,1,0,0,-1,0,0,-1,1,-1,0,0,0,0,1,-1,0,0,1,1,1,1,0,1,1,1,-1,0,1,1,1,4
cell_218-TP12-IR-2T,1,0,0,0,1,0,1,1,0,1,0,1,1,0,1,0,1,0,1,1,0,0,1,0,1,0,0,0,1,1,1,4
cell_219-TP12-IR-2T,-1,1,1,1,0,1,1,0,1,-1,0,0,1,0,1,1,0,0,1,1,0,1,0,1,0,1,0,0,0,0,-1,4
cell_22-TP12-IR-2T,1,0,0,0,0,0,1,1,1,1,0,1,0,0,1,0,1,0,1,1,1,1,1,0,0,0,1,0,1,0,0,4
cell_220-TP12-IR-2T,1,0,0,1,0,0,0,0,1,-1,0,0,0,1,-1,0,1,1,1,1,0,0,1,0,1,0,0,1,0,1,1,3
cell_221-TP12-IR-2T,1,0,1,0,-1,1,1,0,0,1,0,1,0,0,1,0,1,0,1,1,1,1,1,1,0,0,1,0,1,1,1,4
cell_222-TP12-IR-2T,1,1,1,0,0,1,0,1,0,0,0,0,1,1,1,1,1,1,0,0,0,1,1,1,1,1,0,1,0,0,1,3
cell_223-TP12-IR-2T,0,0,1,0,1,0,0,0,1,0,0,0,1,0,1,0,0,0,1,1,0,1,0,0,1,0,0,0,0,0,0,4
cell_224-TP12-IR-2T,0,1,0,1,0,1,0,0,0,0,0,1,0,0,1,1,1,0,1,1,1,1,1,0,1,1,1,0,0,1,0,4
cell_225-TP12-IR-2T,1,1,0,0,1,0,1,0,1,1,0,-1,0,-1,-1,0,1,0,0,0,0,0,1,1,0,1,0,0,0,0,1,4
cell_226-TP12-IR-2T,0,1,1,0,1,0,1,1,1,1,-1,0,0,0,-1,0,0,0,1,1,1,0,0,0,0,1,1,0,0,1,1,4
cell_227-TP12-IR-2T,-1,1,1,0,0,0,1,0,0,0,0,0,0,0,-1,1,0,0,0,0,0,1,0,1,0,1,1,0,1,1,1,4
cell_228-TP12-IR-2T,0,1,0,0,1,1,1,1,1,1,0,0,1,0,1,1,1,0,0,0,0,1,1,1,1,1,1,0,0,0,1,4
cell_229-TP12-IR-2T,1,0,0,0,0,0,0,0,1,0,0,0,0,0,1,0,1,0,0,0,1,0,1,1,0,0,0,0,0,0,0,3
cell_23-TP12-IR-2T,1,0,0,0,0,0,0,0,0,0,0,1,0,0,1,1,0,-1,0,0,0,0,0,0,0,0,1,0,0,1,0,4
cell_230-TP12-IR-2T,1,1,0,0,1,1,1,1,1,1,0,1,0,0,0,0,1,0,1,1,0,0,1,1,1,1,0,0,1,0,1,4
cell_231-TP12-IR-2T,1,0,0,1,1,1,1,1,1,0,-1,1,1,0,1,0,0,0,1,1,1,0,0,1,1,0,0,0,1,1,0,4
cell_232-TP12-IR-2T,0,0,0,0,1,0,0,1,0,0,0,0,0,0,1,1,1,0,0,0,1,0,1,1,1,0,0,0,1,0,1,4
cell_233-TP12-IR-2T,1,1,0,0,0,0,1,0,1,0,0,1,1,0,1,1,0,0,0,0,0,0,0,1,1,1,1,0,1,0,1,4
cell_234-TP12-IR-2T,1,1,1,0,-1,0,0,0,1,1,0,0,0,0,-1,0,0,0,1,1,0,0,0,0,1,1,-1,0,1,0,0,4
cell_235-TP12-IR-2T,1,0,1,0,1,0,0,1,1,0,0,0,0,1,1,0,0,1,0,0,0,0,0,0,1,0,0,1,0,1,1,3
cell_236-TP12-IR-2T,1,1,0,0,0,0,0,1,1,0,-1,0,0,1,1,1,1,1,0,0,1,0,1,1,1,1,1,1,0,0,1,3
cell_237-TP12-IR-2T,1,0,0,1,0,1,0,1,0,0,0,0,1,0,1,0,1,0,0,0,1,1,1,1,1,0,0,0,1,1,0,4
cell_238-TP12-IR-2T,1,1,1,0,0,0,1,0,0,1,0,0,0,0,1,1,0,0,1,1,1,1,0,0,0,1,1,0,0,1,1,4
cell_239-TP12-IR-2T,-1,0,1,0,0,1,0,0,0,0,0,1,0,0,1,0,0,0,1,1,0,1,0,1,1,0,0,-1,0,0,1,4
cell_24-TP12-IR-2T,1,1,1,1,0,0,0,0,1,0,0,0,0,1,1,1,1,1,0,0,1,1,1,1,1,0,1,1,0,1,1,3
cell_240-TP12-IR-2T,1,0,1,0,-1,0,-1,0,0,1,0,0,0,0,1,1,0,0,0,0,1,1,0,1,-1,0,0,0,0,0,0,4
cell_241-TP12-IR-2T,-1,1,1,0,0,0,0,1,0,0,0,0,1,0,1,1,0,0,1,1,1,0,0,1,0,1,0,0,1,1,0,4
cell_242-TP12-IR-2T,0,1,0,0,1,1,0,1,0,1,0,0,1,0,1,0,1,0,0,0,1,0,1,1,1,1,0,0,1,1,1,4
cell_243-TP12-IR-2T,-1,0,0,0,0,1,0,-1,1,1,0,1,0,0,1,0,1,0,0,0,1,0,1,1,0,0,1,1,0,1,1,3
cell_244-TP12-IR-2T,1,0,1,0,0,1,0,0,1,0,0,1,1,0,1,1,0,0,1,1,0,0,0,1,1,0,1,1,0,0,1,4
cell_245-TP12-IR-2T,1,0,0,0,0,1,0,1,1,0,0,0,1,1,1,0,1,1,0,0,0,1,1,1,1,0,0,1,0,0,1,3
cell_246-TP12-IR-2T,1,1,1,1,1,1,0,0,0,0,0,0,1,1,1,1,0,1,1,1,1,1,0,1,-1,1,0,1,1,1,1,3
cell_247-TP12-IR-2T,1,1,1,0,0,0,0,1,1,0,0,0,0,1,1,0,0,0,0,0,0,0,0,1,1,1,0,1,0,1,1,3
cell_248-TP12-IR-2T,0,1,1,1,1,1,1,1,1,0,0,1,1,0,1,0,1,0,0,0,0,1,1,0,1,1,0,0,0,1,1,4
cell_249-TP12-IR-2T,-1,0,1,0,1,1,1,-1,0,1,0,1,0,0,1,1,1,0,1,1,0,0,1,0,0,0,1,0,1,0,1,4
cell_25-TP12-IR-2T,1,0,1,1,0,-1,0,1,0,0,0,1,1,0,1,0,0,0,0,0,1,0,0,0,0,0,0,0,1,1,1,4
cell_250-TP12-IR-2T,0,1,1,0,0,0,0,1,1,0,0,1,0,0,1,0,1,0,1,1,-1,0,1,1,1,1,0,0,0,0,0,4
cell_251-TP12-IR-2T,-1,0,1,0,1,0,1,1,0,0,0,0,0,0,1,1,1,0,1,1,0,0,1,0,0,0,1,0,1,1,1,4
cell_252-TP12-IR-2T,1,0,1,0,0,0,0,0,1,0,0,0,0,1,1,1,0,1,1,1,0,0,0,0,1,0,1,0,0,0,1,3
cell_253-TP12-IR-2T,1,0,0,0,0,1,0,0,1,1,0,0,0,0,1,0,0,0,0,0,0,0,0,0,0,0,0,0,1,1,0,4
cell_254-TP12-IR-2T,1,0,1,0,1,1,0,0,1,0,0,0,1,1,1,1,1,1,0,0,1,0,1,1,1,0,0,1,1,1,1,3
cell_255-TP12-IR-2T,1,0,0,0,0,1,1,1,0,-1,0,1,1,0,1,0,0,0,1,1,1,1,0,1,1,0,1,0,1,0,0,4
cell_256-TP12-IR-2T,1,1,1,0,1,0,1,1,1,1,0,1,1,0,1,0,0,0,1,1,0,1,0,0,1,0,0,0,1,1,1,4
cell_257-TP12-IR-2T,0,0,0,0,0,0,1,0,1,1,0,1,0,0,1,1,0,0,0,0,1,0,0,1,0,0,1,0,0,0,1,4
cell_258-TP12-IR-2T,1,0,1,0,1,1,0,1,0,0,0,0,1,1,1,1,1,1,0,0,1,0,1,1,0,0,1,1,0,0,1,3
cell_259-TP12-IR-2T,1,0,0,0,1,0,0,1,1,0,0,0,1,1,1,1,0,1,1,1,0,1,0,1,0,0,0,1,0,1,1,3
cell_26-TP12-IR-2T,1,1,1,0,0,1,1,1,1,1,0,1,0,0,1,0,0,0,1,1,0,1,0,1,1,1,0,0,0,0,0,4
cell_260-TP12-IR-2T,-1,1,1,1,0,1,0,0,1,0,0,0,1,1,1,1,1,1,0,0,0,0,1,1,0,1,1,1,0,1,1,3
cell_261-TP12-IR-2T,1,1,1,1,1,0,0,0,1,0,0,0,1,0,1,1,1,0,0,0,1,1,1,0,0,1,0,1,1,0,1,3
cell_262-TP12-IR-2T,1,0,1,0,0,0,0,1,1,0,0,0,1,1,1,1,1,1,0,0,1,0,1,1,0,0,0,0,0,0,1,3
cell_263-TP12-IR-2T,1,0,1,1,0,1,0,0,1,0,0,0,0,1,1,1,1,1,0,0,1,1,1,0,0,0,1,0,0,0,1,3
cell_264-TP12-IR-2T,0,1,0,0,1,0,1,0,0,0,0,0,0,0,1,1,1,0,1,1,1,1,1,0,0,1,0,0,1,1,1,4
cell_265-TP12-IR-2T,1,-1,1,0,1,0,1,0,0,-1,0,1,1,0,1,0,1,0,0,0,0,1,1,0,0,-1,1,0,0,1,0,4
cell_266-TP12-IR-2T,1,1,0,0,0,1,0,1,1,0,0,0,1,1,1,1,1,0,1,1,1,0,1,1,0,1,1,1,0,1,1,3
cell_267-TP12-IR-2T,1,0,1,0,0,0,0,0,1,0,0,0,1,1,1,0,0,1,1,1,0,1,0,1,0,0,0,0,0,1,1,3
cell_268-TP12-IR-2T,1,1,1,0,1,1,1,0,0,1,0,0,1,0,0,1,0,0,1,1,1,1,0,0,1,1,1,0,0,1,0,4
cell_269-TP12-IR-2T,0,1,0,0,1,0,1,1,0,1,0,1,1,0,1,0,1,0,1,1,-1,0,1,0,0,1,0,0,1,0,1,4
cell_27-TP12-IR-2T,0,-1,0,1,0,1,0,0,0,1,0,0,1,0,-1,0,1,-1,0,0,0,0,1,1,1,-1,0,0,0,0,1,4
cell_270-TP12-IR-2T,0,1,1,1,1,1,1,0,0,1,0,0,1,0,1,0,0,0,0,0,1,1,0,1,0,1,0,0,0,1,0,4
cell_271-TP12-IR-2T,-1,0,0,0,0,1,0,-1,0,1,0,1,1,0,0,0,0,0,1,1,1,0,0,1,0,0,1,-1,1,0,1,4
cell_272-TP12-IR-2T,1,1,1,0,0,0,0,1,0,0,0,1,0,0,1,1,1,0,0,0,0,-1,1,1,1,1,0,0,1,1,0,4
cell_273-TP12-IR-2T,1,0,0,0,0,0,0,0,1,1,0,0,1,0,1,1,0,0,1,1,0,1,0,1,0,0,1,0,1,1,0,4
cell_274-TP12-IR-2T,1,0,1,0,0,1,0,1,1,1,0,1,1,0,1,1,1,0,1,1,1,0,1,1,-1,0,1,0,1,0,1,4
cell_275-TP12-IR-2T,0,1,1,1,0,1,0,0,1,0,0,0,0,1,1,0,1,1,1,1,0,1,1,0,0,1,1,1,0,0,1,3
cell_276-TP12-IR-2T,1,1,0,0,1,1,0,1,0,0,0,0,1,0,1,0,1,0,1,1,1,1,1,1,0,1,1,0,0,1,1,4
cell_277-TP12-IR-2T,-1,1,1,0,0,0,0,-1,1,0,0,-1,1,-1,1,0,1,1,0,0,0,1,1,0,1,1,0,1,0,0,1,3
cell_278-TP12-IR-2T,1,0,0,0,0,1,0,0,1,0,0,0,1,1,1,1,0,1,0,0,0,1,0,1,1,0,1,1,0,0,1,3
cell_279-TP12-IR-2T,1,0,0,1,0,0,0,0,0,0,0,0,0,1,-1,0,1,1,0,0,0,1,1,1,1,0,0,1,0,0,1,3
cell_28-TP12-IR-2T,0,0,1,0,1,0,1,0,1,1,0,1,1,0,1,1,1,0,0,0,0,0,1,0,0,0,1,0,1,0,1,4
cell_280-TP12-IR-2T,0,0,0,0,1,0,1,-1,1,1,0,0,1,0,-1,1,0,0,0,0,0,1,0,0,0,0,1,-1,0,1,1,4
cell_281-TP12-IR-2T,0,0,1,0,-1,1,0,1,0,0,0,0,0,0,1,1,0,0,1,1,1,1,0,1,1,0,0,0,1,1,1,4
cell_282-TP12-IR-2T,1,0,1,0,1,0,0,0,0,0,0,0,1,0,1,0,1,0,1,1,0,0,1,0,1,0,1,0,1,0,0,4
cell_283-TP12-IR-2T,0,0,0,0,0,1,-1,1,0,0,0,0,0,0,1,0,1,0,-1,-1,1,1,1,1,0,0,1,0,1,-1,1,4
cell_284-TP12-IR-2T,1,1,0,0,1,0,0,0,1,0,0,0,1,1,0,0,0,1,0,0,1,1,0,1,1,1,0,0,0,1,1,3
cell_285-TP12-IR-2T,1,0,1,0,-1,0,1,0,1,0,0,0,0,0,1,0,0,0,1,1,0,1,0,1,1,0,-1,0,0,1,0,4
cell_286-TP12-IR-2T,-1,1,1,-1,0,0,1,1,0,0,0,0,1,0,1,1,0,0,0,0,0,0,0,1,0,1,1,0,1,1,1,1
cell_287-TP12-IR-2T,1,0,1,0,1,1,0,0,1,0,0,1,0,0,1,1,1,0,1,1,0,0,1,0,-1,0,0,0,0,0,0,4
cell_288-TP12-IR-2T,0,0,0,-1,1,0,1,1,0,1,0,0,0,0,1,1,-1,0,0,0,0,1,-1,-1,1,0,1,0,0,1,1,4
cell_289-TP12-IR-2T,1,0,1,0,1,0,0,0,1,1,0,0,0,1,1,1,0,1,0,0,1,1,0,1,1,0,1,0,0,0,1,3
cell_29-TP12-IR-2T,1,0,0,0,0,0,0,1,1,1,0,0,0,1,0,0,0,1,1,1,0,1,0,0,0,0,1,1,1,1,1,3
cell_290-TP12-IR-2T,0,1,1,0,0,0,1,1,1,0,0,0,0,0,1,0,0,0,0,0,0,0,0,0,1,1,0,0,1,0,0,4
cell_291-TP12-IR-2T,1,1,1,0,0,1,0,0,0,0,0,0,1,1,0,0,0,1,0,0,0,1,0,0,0,1,1,1,0,1,1,3
cell_292-TP12-IR-2T,0,1,0,1,-1,0,0,0,1,0,0,1,0,0,1,0,0,0,1,1,0,0,0,-1,1,1,1,0,1,1,0,4
cell_293-TP12-IR-2T,1,1,1,1,1,0,0,1,1,0,0,0,1,1,1,0,1,1,0,0,0,1,1,1,0,1,0,1,1,0,1,3
cell_294-TP12-IR-2T,-1,0,0,1,0,1,0,-1,1,0,0,0,1,0,1,1,0,0,0,0,0,0,0,0,1,0,1,-1,1,1,0,4
cell_295-TP12-IR-2T,1,1,0,0,1,0,1,1,0,1,0,0,0,0,1,0,1,0,1,1,-1,1,1,1,1,1,1,0,1,0,1,1
cell_296-TP12-IR-2T,0,0,0,1,0,0,0,1,0,0,0,0,1,0,1,1,0,0,1,1,0,1,0,1,0,0,1,0,0,1,0,4
cell_297-TP12-IR-2T,0,0,0,0,0,1,1,1,1,1,0,0,0,0,1,1,1,0,0,0,0,0,1,0,0,0,0,0,1,0,1,4
cell_298-TP12-IR-2T,1,1,1,0,0,1,0,0,1,0,0,0,1,1,1,0,1,1,0,0,0,1,1,0,1,1,0,0,0,1,1,3
cell_299-TP12-IR-2T,-1,0,0,0,1,0,0,-1,1,0,0,-1,0,-1,1,1,1,1,1,1,1,0,1,0,1,0,1,1,1,1,1,3
cell_3-TP12-IR-2T,1,1,1,0,0,0,0,1,1,0,0,0,1,1,1,1,1,0,0,0,1,0,1,1,1,1,0,1,0,1,1,3
cell_30-TP12-IR-2T,1,1,0,0,1,1,1,1,1,1,0,0,0,0,1,1,0,0,0,0,0,1,0,1,1,1,0,0,1,1,1,4
cell_300-TP12-IR-2T,1,1,1,0,0,0,0,0,1,0,0,0,1,1,1,1,1,1,0,0,0,0,1,1,1,1,1,1,0,1,1,3
cell_301-TP12-IR-2T,1,1,0,0,0,1,0,0,0,0,0,0,0,0,1,0,0,0,0,0,0,0,0,0,1,1,0,1,0,1,1,4
cell_302-TP12-IR-2T,1,1,0,0,1,1,1,1,1,0,0,0,1,0,1,0,1,0,0,0,1,0,1,1,0,1,1,0,0,0,1,4
cell_303-TP12-IR-2T,1,0,0,1,1,0,0,1,1,0,0,0,0,1,1,0,0,0,1,1,1,0,0,0,1,0,1,0,0,1,1,3
cell_304-TP12-IR-2T,1,1,1,0,1,1,1,0,0,0,0,0,0,0,0,0,0,0,0,0,0,1,0,1,0,1,1,0,0,0,1,4
cell_305-TP12-IR-2T,1,0,0,1,0,1,0,1,0,0,0,0,1,1,1,0,0,0,1,1,0,1,0,1,1,0,0,1,0,1,1,3
cell_306-TP12-IR-2T,1,0,1,1,1,0,0,0,0,0,0,1,0,0,1,1,0,0,0,0,0,1,0,0,0,0,0,0,0,0,1,4
cell_307-TP12-IR-2T,0,1,1,0,0,0,1,0,0,0,0,1,0,0,1,0,1,0,1,1,-1,1,1,1,0,1,0,0,1,1,0,4
cell_308-TP12-IR-2T,1,1,1,0,1,0,0,0,1,0,0,0,1,1,1,1,0,1,0,0,1,0,0,0,0,0,0,1,0,1,1,3
cell_309-TP12-IR-2T,-1,0,1,0,1,0,0,-1,1,0,0,0,1,1,1,1,0,1,0,0,0,0,0,1,1,0,1,1,0,1,1,3
cell_31-TP12-IR-2T,0,1,0,0,1,1,0,0,1,0,0,0,0,0,1,0,1,0,1,1,0,1,1,0,0,1,0,0,1,1,1,4
cell_310-TP12-IR-2T,0,1,0,0,0,0,1,1,1,1,0,-1,1,-1,1,0,0,0,0,0,0,0,0,1,-1,1,0,0,0,1,0,4
cell_311-TP12-IR-2T,0,0,0,0,1,0,1,0,0,1,0,0,1,0,1,0,0,0,0,0,0,0,0,0,1,0,0,0,0,1,1,4
cell_312-TP12-IR-2T,1,0,0,1,1,1,1,0,1,1,0,1,1,0,1,1,1,0,0,0,1,1,1,0,1,0,0,0,0,1,0,4
cell_313-TP12-IR-2T,1,0,0,0,1,0,0,0,1,0,-1,1,1,0,1,1,1,0,0,0,1,1,1,1,0,0,0,0,0,1,1,4
cell_314-TP12-IR-2T,1,1,1,0,0,0,0,1,0,0,0,0,0,1,1,0,0,1,1,1,1,1,0,0,1,0,1,1,0,0,1,3
cell_315-TP12-IR-2T,1,1,1,0,1,1,0,0,0,1,0,1,1,0,0,1,1,0,0,0,1,0,1,0,1,1,0,0,0,0,0,4
cell_316-TP12-IR-2T,1,1,1,0,1,1,0,1,0,0,0,0,1,1,1,1,0,1,0,0,0,1,0,1,0,1,0,1,0,1,1,3
cell_317-TP12-IR-2T,1,1,0,0,-1,0,0,0,1,1,0,1,0,0,-1,0,0,0,0,0,1,0,0,0,1,1,0,0,1,0,0,4
cell_318-TP12-IR-2T,1,0,1,0,0,1,0,0,1,0,0,0,0,0,1,0,1,0,0,0,1,0,1,0,1,0,1,0,1,1,1,4
cell_319-TP12-IR-2T,0,0,0,0,1,0,0,0,0,1,0,1,0,0,0,1,1,0,1,1,1,1,1,1,0,0,1,0,0,1,1,4
cell_32-TP12-IR-2T,-1,0,1,0,1,0,1,0,0,1,0,1,1,0,-1,0,1,-1,0,0,0,1,1,1,1,0,1,0,1,0,0,4
cell_320-TP12-IR-2T,0,0,0,0,1,1,0,0,0,0,0,0,0,0,1,0,1,0,0,0,1,1,1,1,1,0,0,0,1,0,1,4
cell_321-TP12-IR-2T,1,1,0,0,-1,1,1,0,0,1,0,0,0,0,1,1,1,0,1,1,0,0,1,0,0,1,1,0,1,1,1,4
cell_322-TP12-IR-2T,1,1,1,0,0,0,0,0,1,-1,0,0,0,1,1,1,1,0,1,1,0,1,1,1,1,1,1,0,1,0,1,3
cell_323-TP12-IR-2T,1,1,1,0,1,0,1,1,0,0,0,0,1,0,1,0,1,0,1,1,0,1,1,0,0,1,0,0,1,0,0,4
cell_324-TP12-IR-2T,1,1,1,0,0,0,0,1,1,0,0,0,0,1,1,1,0,1,0,0,0,1,0,0,1,1,1,1,1,1,1,3
cell_325-TP12-IR-2T,1,1,1,1,0,1,1,0,0,0,0,1,1,0,1,0,1,0,0,0,1,1,1,1,0,1,0,0,1,1,0,4
cell_326-TP12-IR-2T,0,1,0,1,1,1,0,-1,0,1,0,1,1,0,1,1,1,0,1,1,1,0,1,0,1,1,0,0,1,1,0,4
cell_327-TP12-IR-2T,0,1,0,1,0,1,1,0,1,0,0,1,1,0,1,0,0,0,0,0,0,0,0,0,1,1,0,0,0,0,0,4
cell_328-TP12-IR-2T,1,1,1,0,1,1,1,1,1,1,0,1,0,0,1,0,0,0,0,0,-1,1,0,-1,-1,1,1,0,0,1,1,4
cell_329-TP12-IR-2T,1,1,0,0,1,1,-1,1,1,0,0,0,1,1,1,0,0,1,1,1,1,0,0,1,-1,1,1,1,1,1,1,3
cell_33-TP12-IR-2T,-1,1,1,0,1,1,0,0,1,0,0,-1,1,-1,1,0,0,0,0,0,0,1,0,1,0,1,1,-1,1,0,1,4
cell_330-TP12-IR-2T,0,0,1,1,1,1,0,1,1,1,0,1,1,0,1,1,1,0,0,0,1,1,1,0,1,0,0,0,0,0,0,4
cell_331-TP12-IR-2T,-1,0,1,0,0,1,0,1,0,0,0,0,1,0,-1,1,0,0,0,0,1,1,0,0,0,0,0,0,0,0,1,4
cell_332-TP12-IR-2T,-1,0,1,0,1,1,0,-1,0,0,0,0,1,0,1,1,1,0,1,1,1,0,1,1,1,0,1,-1,1,1,0,4
cell_333-TP12-IR-2T,1,0,1,0,1,0,1,0,1,0,0,0,0,0,1,0,0,1,0,0,1,0,0,0,1,0,0,0,1,1,1,4
cell_334-TP12-IR-2T,1,1,0,0,1,1,0,1,1,0,0,0,0,1,0,0,0,1,1,1,1,1,0,1,1,1,1,1,0,0,1,3
cell_335-TP12-IR-2T,0,1,0,0,1,1,1,1,0,1,0,0,1,0,1,1,0,0,1,1,1,1,0,0,0,1,1,0,1,0,0,4
cell_336-TP12-IR-2T,1,1,0,0,1,0,0,1,1,0,0,0,0,1,1,0,0,1,1,1,1,1,0,0,1,1,0,0,0,0,1,3
cell_337-TP12-IR-2T,0,1,0,0,1,1,1,0,0,1,0,0,0,0,1,0,0,0,1,1,1,1,0,0,0,1,1,0,1,0,0,4
cell_338-TP12-IR-2T,1,0,0,1,1,0,0,1,1,0,0,0,1,1,1,1,0,0,0,0,0,0,0,1,0,0,0,1,1,0,1,3
cell_339-TP12-IR-2T,1,1,0,0,0,0,0,1,1,0,0,0,1,1,0,1,0,1,1,1,1,0,0,0,0,1,1,1,1,1,1,3
cell_34-TP12-IR-2T,1,1,0,1,0,1,-1,0,0,1,0,0,0,0,1,0,1,0,0,0,0,0,1,1,1,1,0,0,1,0,0,4
cell_340-TP12-IR-2T,1,1,0,0,0,1,0,1,1,0,0,0,1,1,1,0,0,1,0,0,0,0,0,0,1,1,0,1,0,1,1,3
cell_341-TP12-IR-2T,1,1,0,0,0,1,1,1,0,0,0,0,0,1,1,1,1,0,0,0,0,0,1,1,1,1,0,0,0,0,1,3
cell_342-TP12-IR-2T,-1,0,0,0,1,1,0,0,0,0,0,0,1,1,1,1,0,1,0,0,0,0,0,0,1,0,0,0,0,1,1,3
cell_343-TP12-IR-2T,1,0,1,0,1,1,1,0,0,1,0,0,1,0,1,1,0,0,0,0,-1,1,0,0,0,0,0,0,0,1,1,4
cell_344-TP12-IR-2T,1,1,1,0,1,0,0,0,1,0,0,0,1,1,1,0,0,0,1,1,0,1,0,0,0,0,1,1,0,0,1,3
cell_345-TP12-IR-2T,0,0,1,0,0,1,1,1,1,0,0,1,0,0,1,1,0,0,1,1,0,0,0,1,0,0,1,0,-1,0,0,4
cell_346-TP12-IR-2T,1,1,1,0,0,0,0,1,1,0,0,0,0,1,0,1,0,1,0,0,0,1,0,0,0,1,0,1,0,1,1,3
cell_347-TP12-IR-2T,1,1,1,0,0,1,0,0,1,0,0,1,1,0,1,1,1,0,-1,-1,1,1,1,1,0,1,0,0,0,1,0,4
cell_348-TP12-IR-2T,1,1,0,0,0,0,1,1,0,0,0,0,1,0,1,0,0,0,0,0,0,0,0,0,-1,1,0,0,1,1,0,4
cell_349-TP12-IR-2T,0,1,1,0,0,1,0,1,1,1,0,0,0,1,1,0,0,0,0,0,0,0,0,1,1,1,0,1,0,1,1,3
cell_35-TP12-IR-2T,1,1,0,0,0,0,0,0,0,1,0,1,0,0,1,0,1,0,0,0,0,0,1,0,0,1,0,0,0,0,1,1
cell_350-TP12-IR-2T,-1,0,1,0,1,1,0,-1,0,1,0,1,0,0,1,1,1,0,0,0,1,1,1,0,1,0,0,0,0,0,0,4
cell_351-TP12-IR-2T,1,1,0,1,0,0,0,1,0,0,0,1,0,0,1,1,1,0,1,1,1,1,1,1,0,1,1,0,0,0,0,4
cell_352-TP12-IR-2T,0,0,1,0,1,0,0,0,1,1,0,0,0,0,-1,0,0,0,0,0,1,1,0,1,-1,0,0,0,1,0,1,4
cell_353-TP12-IR-2T,0,1,1,0,1,0,1,1,0,1,0,1,0,0,1,0,0,0,1,1,1,1,0,1,1,1,1,0,1,1,1,4
cell_354-TP12-IR-2T,1,0,0,0,1,1,0,1,0,0,0,0,1,1,1,0,1,1,1,1,0,0,1,1,0,0,1,1,0,0,1,3
cell_355-TP12-IR-2T,1,1,0,1,0,1,-1,0,1,0,0,1,1,0,1,0,0,0,1,1,1,1,0,1,0,1,1,0,1,1,0,4
cell_356-TP12-IR-2T,1,0,0,1,0,1,0,0,1,0,0,0,0,1,1,0,0,0,1,1,0,0,0,0,0,0,0,1,0,1,1,3
cell_357-TP12-IR-2T,1,0,1,0,0,0,0,1,1,1,0,0,0,0,1,1,1,0,0,0,0,1,1,0,-1,0,0,0,1,1,0,4
cell_358-TP12-IR-2T,1,1,0,1,1,0,0,0,1,0,0,0,1,1,1,0,1,1,1,1,0,0,1,1,0,1,1,1,1,1,1,3
cell_359-TP12-IR-2T,0,0,1,1,1,1,0,1,1,1,0,0,0,0,1,0,1,0,0,0,0,1,1,0,1,0,0,0,1,1,1,4
cell_36-TP12-IR-2T,1,1,0,0,0,0,0,1,1,0,0,0,1,0,1,1,0,0,0,0,0,1,0,1,1,1,1,0,0,0,0,4
cell_360-TP12-IR-2T,0,1,1,0,0,0,0,0,0,0,0,1,0,0,1,0,1,0,1,1,1,0,1,0,0,1,0,0,1,1,1,4
cell_361-TP12-IR-2T,0,0,0,0,-1,1,0,0,0,0,0,1,1,0,0,-1,0,0,1,1,0,1,0,1,0,0,1,0,1,1,1,4
cell_362-TP12-IR-2T,1,1,1,0,1,1,0,1,1,0,0,0,1,1,1,1,1,1,1,1,1,1,1,1,0,1,0,1,0,1,1,3
cell_363-TP12-IR-2T,1,1,0,0,0,0,0,0,1,0,0,0,1,0,1,1,0,0,0,0,0,1,0,0,0,0,0,0,1,1,1,3
cell_364-TP12-IR-2T,1,1,1,0,1,1,0,1,1,0,0,0,1,0,1,0,0,0,1,1,1,1,0,0,1,1,0,1,0,0,1,3
cell_365-TP12-IR-2T,1,0,1,0,0,1,0,1,0,0,0,0,1,0,1,1,0,0,1,1,1,0,0,0,1,0,1,0,1,1,1,3
cell_366-TP12-IR-2T,0,0,1,0,1,0,1,1,1,1,0,0,1,0,1,0,0,0,1,1,0,1,0,0,-1,0,0,0,0,0,1,4
cell_367-TP12-IR-2T,1,0,1,0,1,1,1,0,0,0,0,0,1,0,1,0,1,0,1,1,0,1,1,1,0,0,1,0,1,0,0,4
cell_368-TP12-IR-2T,1,0,1,1,1,1,1,1,1,1,0,0,1,0,1,0,0,0,0,0,1,1,0,1,0,0,1,0,1,0,0,4
cell_369-TP12-IR-2T,1,1,0,0,1,1,0,1,1,0,0,0,1,1,1,1,1,1,0,0,0,0,1,1,1,1,1,1,0,1,1,3
cell_37-TP12-IR-2T,1,1,0,0,1,1,0,0,1,0,0,0,0,1,1,1,0,0,1,1,0,0,0,1,1,1,0,0,0,1,0,3
cell_370-TP12-IR-2T,1,1,0,0,1,0,0,1,1,0,0,0,1,1,1,1,0,1,0,0,1,0,0,0,0,1,1,1,1,1,1,3
cell_371-TP12-IR-2T,0,0,0,0,1,0,0,1,1,0,0,0,1,0,1,0,0,0,0,0,1,1,0,0,1,0,0,0,1,0,1,4
cell_372-TP12-IR-2T,0,0,1,0,0,0,0,1,0,0,0,1,0,0,1,1,1,0,1,1,0,0,1,0,1,0,1,0,0,0,1,4
cell_373-TP12-IR-2T,-1,1,0,1,0,1,0,0,1,0,0,0,0,1,1,0,1,1,0,0,0,1,1,1,0,1,0,1,1,0,1,3
cell_374-TP12-IR-2T,1,1,0,0,1,0,1,1,1,1,0,1,0,0,1,1,1,0,1,1,0,1,1,0,0,1,0,0,1,0,0,4
cell_375-TP12-IR-2T,-1,0,1,0,1,0,0,0,0,1,0,1,0,0,1,1,1,0,1,1,0,0,1,1,1,0,1,0,1,1,1,4
cell_376-TP12-IR-2T,0,1,0,0,0,1,1,0,1,1,0,0,0,0,1,0,0,0,1,1,0,0,0,1,1,1,1,0,1,1,1,4
cell_377-TP12-IR-2T,1,1,1,0,0,1,1,0,1,0,0,0,0,0,1,0,0,0,1,1,0,1,0,0,1,1,0,0,0,1,0,4
cell_378-TP12-IR-2T,0,0,1,1,0,0,0,0,1,-1,0,0,0,0,1,0,1,0,1,1,1,1,1,1,1,0,1,0,0,1,1,4
cell_379-TP12-IR-2T,1,0,1,0,1,0,0,1,0,0,0,0,0,0,1,0,0,0,0,0,1,1,0,1,1,0,0,0,1,0,1,4
cell_38-TP12-IR-2T,0,0,0,0,1,0,1,1,0,0,0,0,1,0,1,1,1,0,0,0,1,0,1,1,1,0,1,0,0,0,1,4
cell_380-TP12-IR-2T,1,1,0,1,0,1,0,1,1,1,0,1,1,0,1,1,0,0,0,0,1,0,0,1,1,1,0,0,0,1,1,4
cell_381-TP12-IR-2T,-1,0,0,0,1,0,0,1,1,0,0,1,1,1,1,0,0,1,0,0,0,0,0,0,1,0,1,1,0,1,1,3
cell_382-TP12-IR-2T,1,1,1,0,0,1,0,-1,0,0,0,0,1,0,1,0,0,0,0,0,0,0,0,1,-1,1,1,0,0,0,1,4
cell_383-TP12-IR-2T,1,1,0,1,0,1,0,0,1,0,0,0,0,1,1,1,1,0,1,1,0,0,1,0,1,1,0,1,0,0,1,3
cell_384-TP12-IR-2T,1,-1,0,0,1,0,1,0,1,0,0,0,1,0,1,0,1,0,0,0,1,-1,1,1,0,-1,0,0,0,0,1,4
cell_385-TP12-IR-2T,0,1,0,0,1,0,1,1,0,0,0,0,0,0,-1,1,1,0,1,1,0,1,1,0,1,1,1,0,0,0,0,4
cell_386-TP12-IR-2T,0,1,0,0,0,0,0,1,0,0,0,0,0,0,1,0,1,0,1,1,0,0,1,1,1,1,0,0,0,1,0,4
cell_387-TP12-IR-2T,-1,0,1,0,0,1,0,0,1,0,0,0,0,1,0,1,0,1,1,1,1,1,0,0,1,0,1,-1,0,0,1,3
cell_388-TP12-IR-2T,1,0,0,1,1,0,1,1,1,1,0,0,1,0,1,1,0,0,1,1,1,0,0,1,1,0,1,0,1,0,0,4
cell_389-TP12-IR-2T,0,-1,0,0,0,1,-1,0,1,1,0,0,0,0,0,0,1,0,0,0,0,1,1,0,1,-1,0,0,0,1,0,4
cell_39-TP12-IR-2T,1,0,1,0,1,0,1,1,1,0,0,1,0,0,1,1,0,0,0,0,0,-1,0,0,0,0,1,0,0,1,1,4
cell_390-TP12-IR-2T,1,1,1,-1,1,0,1,0,0,0,0,1,1,0,1,1,0,-1,0,0,0,0,0,0,0,1,0,0,1,1,0,1
cell_391-TP12-IR-2T,1,1,0,0,1,0,0,1,0,1,0,1,1,0,1,0,0,0,0,0,1,1,0,0,1,1,1,0,0,1,1,4
cell_392-TP12-IR-2T,0,0,0,0,1,1,1,0,0,1,0,0,1,0,1,0,0,0,0,0,0,1,0,0,0,0,1,0,0,1,1,4
cell_393-TP12-IR-2T,1,0,1,1,1,0,0,0,1,1,0,1,1,0,1,0,1,0,0,0,0,0,1,1,1,0,1,0,0,0,1,4
cell_394-TP12-IR-2T,1,1,0,0,1,1,1,0,1,1,-1,1,1,0,1,1,0,0,1,1,1,0,0,0,0,1,0,0,1,0,0,4
cell_395-TP12-IR-2T,-1,1,0,0,1,0,1,-1,1,0,0,-1,1,-1,1,0,1,0,1,1,1,1,1,1,0,1,0,0,0,1,1,4
cell_396-TP12-IR-2T,1,0,1,0,1,1,0,0,1,0,0,0,1,1,1,1,1,1,0,0,0,0,1,1,1,0,1,0,1,0,1,1
cell_397-TP12-IR-2T,0,1,0,0,0,1,0,1,0,1,0,0,1,0,1,1,1,0,1,1,1,0,1,1,0,1,1,0,0,1,1,4
cell_398-TP12-IR-2T,0,0,0,0,0,1,0,1,0,0,0,0,0,0,1,1,1,0,1,1,0,0,1,0,0,0,0,0,0,0,1,4
cell_399-TP12-IR-2T,0,0,0,0,1,0,0,1,0,1,0,0,0,0,1,0,0,0,0,0,1,0,0,1,0,0,1,0,0,0,0,4
cell_4-TP12-IR-2T,1,1,1,1,1,0,0,0,1,0,0,0,1,0,1,0,0,0,0,0,0,0,0,0,1,1,0,0,0,1,0,4
cell_40-TP12-IR-2T,1,1,0,0,0,0,0,0,1,1,0,0,1,0,1,0,0,0,1,1,-1,0,0,1,1,1,1,0,1,0,1,4
cell_400-TP12-IR-2T,0,0,1,0,0,0,-1,-1,-1,0,0,0,1,0,0,0,0,0,1,1,1,0,0,0,0,0,1,0,1,1,1,4
cell_401-TP12-IR-2T,1,1,0,0,1,0,1,0,1,1,0,0,1,0,1,1,1,0,1,1,0,0,1,1,1,1,0,0,1,0,1,4
cell_402-TP12-IR-2T,0,1,1,1,0,1,1,0,1,0,0,1,0,0,1,0,0,0,0,0,1,0,0,1,1,1,1,0,1,1,1,4
cell_403-TP12-IR-2T,0,0,0,1,0,1,0,1,1,1,0,0,0,0,1,0,1,0,1,1,0,0,1,0,0,0,1,0,1,0,0,4
cell_404-TP12-IR-2T,0,1,0,0,0,0,1,1,0,1,-1,1,0,0,-1,0,1,0,-1,-1,1,1,1,0,1,1,0,0,1,1,0,4
cell_405-TP12-IR-2T,0,1,1,0,0,1,1,1,0,0,0,1,1,0,1,1,1,0,0,0,0,1,1,1,1,1,0,0,0,1,0,4
cell_406-TP12-IR-2T,1,0,0,1,0,1,0,1,1,1,0,1,1,0,1,0,0,1,1,1,0,0,0,1,1,0,0,1,0,0,1,3
cell_407-TP12-IR-2T,0,1,1,0,1,0,0,0,1,1,0,0,0,0,-1,1,1,1,0,0,0,0,1,-1,1,1,0,0,0,0,1,4
cell_408-TP12-IR-2T,1,1,1,1,0,0,1,0,1,0,0,0,1,0,1,1,1,0,0,0,0,1,1,0,1,1,1,0,0,1,0,3
cell_409-TP12-IR-2T,1,1,1,0,0,0,1,1,0,1,0,0,0,0,1,0,0,0,1,1,1,0,0,1,1,1,0,0,1,0,1,4
cell_41-TP12-IR-2T,-1,1,0,0,0,1,0,0,0,0,0,0,1,0,1,0,0,0,1,1,0,1,0,1,1,1,0,0,0,0,1,4
cell_410-TP12-IR-2T,1,0,1,0,1,0,0,0,0,1,0,1,0,0,1,0,0,0,0,0,1,1,0,1,1,0,1,0,1,0,1,4
cell_411-TP12-IR-2T,0,1,1,1,1,1,1,1,1,0,0,1,0,0,1,0,1,0,1,1,0,1,1,0,1,1,1,0,1,0,1,4
cell_412-TP12-IR-2T,0,1,1,0,-1,0,1,1,1,0,0,1,1,0,1,1,1,0,0,0,1,1,1,1,0,1,0,0,0,1,1,4
cell_413-TP12-IR-2T,0,1,1,0,1,0,1,0,1,0,0,1,1,0,1,0,0,0,0,0,0,1,0,1,-1,1,0,-1,1,1,0,4
cell_414-TP12-IR-2T,1,0,0,0,0,1,0,0,1,0,0,0,0,1,1,1,1,1,0,0,0,0,1,0,0,0,1,1,0,0,1,3
cell_415-TP12-IR-2T,1,0,1,0,0,0,0,1,1,0,0,0,0,1,1,1,0,1,1,1,0,1,0,1,1,0,0,0,0,0,1,3
cell_416-TP12-IR-2T,0,0,0,0,1,1,0,0,0,1,0,1,1,0,1,0,1,0,1,1,-1,1,1,1,0,0,1,0,0,1,0,4
cell_417-TP12-IR-2T,1,1,1,0,1,1,0,1,0,0,0,0,0,1,1,0,0,1,0,0,1,0,0,0,1,1,1,1,0,1,1,3
cell_418-TP12-IR-2T,0,-1,0,0,0,0,-1,1,1,1,0,0,0,0,1,1,0,0,-1,-1,1,1,0,0,1,-1,1,0,1,0,0,4
cell_419-TP12-IR-2T,1,0,0,0,1,0,1,0,1,0,0,1,1,0,1,0,0,0,0,0,1,0,0,1,0,0,1,0,1,0,0,4
cell_42-TP12-IR-2T,1,1,0,0,0,1,0,0,1,1,0,1,0,0,1,1,1,0,0,0,1,0,1,0,0,1,0,0,1,1,0,4
cell_420-TP12-IR-2T,1,0,0,0,-1,0,1,1,1,1,0,0,1,0,-1,1,0,0,0,0,0,0,0,1,0,0,0,0,1,0,0,4
cell_421-TP12-IR-2T,1,1,1,0,1,0,1,1,1,0,0,0,0,0,1,1,1,0,1,1,1,1,1,1,0,1,1,0,0,0,1,0
cell_422-TP12-IR-2T,1,0,0,0,1,1,0,1,1,0,0,0,0,1,0,0,1,1,1,1,1,0,1,0,0,0,1,1,0,0,1,3
cell_423-TP12-IR-2T,1,1,1,1,0,1,0,0,0,1,0,0,1,1,1,0,0,1,0,0,1,1,0,0,1,1,1,0,0,1,1,4
cell_424-TP12-IR-2T,1,0,1,1,1,1,0,1,1,0,0,0,0,1,1,1,1,1,0,0,0,1,1,1,0,0,0,1,0,0,1,3
cell_425-TP12-IR-2T,1,0,1,1,1,1,0,0,1,0,0,0,0,1,1,1,0,1,0,0,1,1,0,1,1,0,0,0,0,0,1,3
cell_426-TP12-IR-2T,1,1,1,0,1,0,0,1,1,0,-1,0,0,1,1,0,1,1,0,0,0,0,1,1,0,1,0,1,0,0,1,3
cell_427-TP12-IR-2T,1,1,1,0,1,0,0,1,1,0,0,0,1,1,1,0,0,1,0,0,0,1,0,1,0,1,1,0,1,0,1,3
cell_428-TP12-IR-2T,1,1,0,0,1,1,0,0,0,0,0,0,0,0,1,1,0,0,0,0,1,1,0,0,1,1,1,0,1,0,0,4
cell_429-TP12-IR-2T,0,1,1,0,0,1,1,0,0,0,0,1,1,0,1,1,1,0,0,0,0,1,1,1,0,1,0,0,0,1,0,4
cell_43-TP12-IR-2T,1,0,1,0,0,0,0,0,1,0,0,0,0,1,1,0,0,1,0,0,0,0,0,1,0,0,0,1,1,1,1,3
cell_430-TP12-IR-2T,0,0,1,0,1,0,1,0,0,0,0,0,0,0,1,0,0,0,0,0,1,-1,0,1,0,0,-1,0,0,1,1,4
cell_431-TP12-IR-2T,0,0,1,0,1,1,1,1,0,0,-1,0,0,0,1,0,1,0,1,1,0,0,1,1,0,0,1,0,1,1,1,4
cell_432-TP12-IR-2T,1,1,1,0,0,1,0,0,1,0,0,0,0,1,1,1,0,0,1,1,0,1,0,0,0,1,1,1,0,1,1,3
cell_433-TP12-IR-2T,1,0,1,0,0,1,0,1,0,0,-1,0,1,0,1,0,1,0,1,1,0,0,1,0,1,0,0,0,1,0,1,4
cell_434-TP12-IR-2T,1,0,0,0,1,0,0,0,1,0,0,0,0,1,1,1,0,-1,1,1,0,0,0,0,0,0,0,1,0,0,1,3
cell_435-TP12-IR-2T,1,1,1,0,0,0,0,0,1,0,0,0,1,0,1,0,0,0,1,1,0,1,0,1,0,1,0,0,1,0,0,4
cell_436-TP12-IR-2T,1,1,1,0,1,0,0,1,1,0,0,0,0,0,1,1,0,1,0,0,1,1,0,0,0,1,0,1,0,0,1,3
cell_437-TP12-IR-2T,1,0,0,0,1,1,1,0,0,0,0,1,0,0,1,1,1,0,0,0,1,1,1,1,1,0,1,0,0,0,1,4
cell_438-TP12-IR-2T,0,0,0,0,1,0,0,0,0,1,0,0,0,0,0,0,1,-1,1,1,0,1,1,0,1,0,1,0,1,1,0,4
cell_439-TP12-IR-2T,-1,1,1,0,0,0,0,0,1,0,0,0,0,1,1,1,0,1,0,0,0,0,0,0,1,1,0,1,0,1,1,3
cell_44-TP12-IR-2T,1,1,0,0,0,0,0,1,1,0,0,0,0,1,1,1,0,0,0,0,0,1,0,1,0,1,1,1,0,0,1,3
cell_440-TP12-IR-2T,1,0,1,0,1,1,0,1,1,0,0,0,1,1,1,1,0,1,0,0,1,0,0,1,0,0,1,1,0,1,1,3
cell_441-TP12-IR-2T,1,0,0,0,0,0,-1,1,1,0,0,0,1,0,1,1,1,0,0,0,1,0,1,1,1,0,1,0,1,1,1,4
cell_442-TP12-IR-2T,1,0,1,1,0,1,1,1,0,0,0,1,1,0,1,0,0,0,0,0,0,1,0,0,1,0,0,0,0,0,1,4
cell_443-TP12-IR-2T,1,0,1,0,0,0,0,1,1,0,0,0,1,1,1,0,0,1,0,0,1,0,0,0,1,0,1,0,0,1,1,3
cell_444-TP12-IR-2T,1,1,1,0,0,0,0,0,1,0,0,0,0,0,1,1,1,0,0,0,1,0,1,1,1,1,1,1,0,0,1,3
cell_445-TP12-IR-2T,1,0,1,1,-1,1,0,0,1,0,-1,0,0,1,1,0,1,1,1,1,0,1,1,0,1,0,1,1,0,1,1,3
cell_446-TP12-IR-2T,0,0,0,1,1,1,1,0,0,0,0,1,1,0,1,1,0,0,0,0,0,1,0,0,0,0,1,0,0,0,1,4
cell_447-TP12-IR-2T,1,1,1,1,1,0,0,0,1,0,0,0,1,1,0,0,0,1,0,0,1,1,0,1,0,1,0,1,0,0,1,3
cell_448-TP12-IR-2T,1,0,0,0,0,1,1,1,0,0,0,1,1,0,1,1,1,0,1,1,1,0,1,0,1,0,0,0,0,1,0,4
cell_449-TP12-IR-2T,1,0,1,0,0,1,0,1,1,0,0,0,1,1,0,1,1,1,0,0,1,0,1,1,1,0,1,1,0,1,1,3
cell_45-TP12-IR-2T,0,1,0,0,0,0,0,0,1,1,0,0,1,1,1,0,0,1,0,0,1,1,0,1,1,1,0,1,0,0,1,3
cell_450-TP12-IR-2T,1,0,0,0,0,1,0,1,1,1,0,0,1,0,1,0,1,0,1,1,0,0,1,0,0,0,0,0,0,1,1,3
cell_451-TP12-IR-2T,0,1,1,0,0,1,0,0,0,1,0,1,1,0,1,0,0,0,0,0,1,1,0,1,1,1,0,0,1,1,0,4
cell_452-TP12-IR-2T,0,1,1,0,0,0,0,-1,1,0,0,0,0,1,1,0,1,1,1,1,0,1,1,1,1,1,0,1,0,0,1,3
cell_453-TP12-IR-2T,1,1,0,0,0,1,0,1,1,0,0,1,0,0,-1,0,0,0,1,1,1,0,0,1,1,1,0,0,1,1,1,4
cell_454-TP12-IR-2T,1,0,1,0,-1,0,0,0,1,1,0,0,0,0,0,1,0,-1,1,1,0,1,0,-1,0,0,0,0,1,0,0,4
cell_455-TP12-IR-2T,0,1,0,0,1,1,1,1,1,1,0,0,1,0,1,1,1,0,0,0,1,0,1,1,0,1,1,0,0,1,1,4
cell_456-TP12-IR-2T,1,0,0,1,1,1,1,0,1,0,-1,0,1,0,1,1,0,0,1,1,0,0,0,0,0,0,0,0,1,1,-1,4
cell_457-TP12-IR-2T,1,1,0,-1,-1,1,0,0,0,1,-1,-1,1,-1,1,0,1,0,0,0,0,1,1,1,1,1,1,0,1,0,1,4
cell_458-TP12-IR-2T,-1,0,1,0,1,1,1,1,1,0,0,0,1,0,1,0,0,0,1,1,1,1,0,0,0,0,0,0,1,0,1,4
cell_459-TP12-IR-2T,1,0,1,1,1,0,1,0,0,1,0,0,0,0,1,1,0,0,1,1,1,1,0,1,1,0,0,0,0,1,0,4
cell_46-TP12-IR-2T,0,1,1,0,1,1,1,0,1,1,0,1,1,0,1,1,1,0,0,0,0,1,1,0,0,1,0,0,0,0,1,4
cell_460-TP12-IR-2T,1,0,0,0,1,0,1,1,1,1,0,0,1,0,1,0,1,0,1,1,1,-1,1,0,0,0,1,0,1,0,1,4
cell_461-TP12-IR-2T,1,0,0,-1,0,1,1,1,1,1,0,0,0,0,1,0,0,0,0,0,1,1,0,1,1,0,0,0,1,0,0,4
cell_462-TP12-IR-2T,0,0,0,0,0,0,0,1,0,0,0,1,1,0,-1,1,1,0,1,1,1,0,1,1,1,0,0,0,1,0,0,3
cell_463-TP12-IR-2T,1,1,1,0,1,1,0,0,1,0,0,0,1,1,1,1,0,1,1,1,0,1,0,0,1,1,0,1,0,1,1,3
cell_464-TP12-IR-2T,0,1,0,1,0,0,0,-1,1,0,-1,-1,1,-1,1,1,0,-1,0,0,1,0,0,0,0,1,1,0,0,0,1,3
cell_465-TP12-IR-2T,0,1,1,0,0,1,0,1,0,0,0,0,1,0,1,1,0,0,1,1,1,0,0,0,0,1,0,0,0,1,1,4
cell_466-TP12-IR-2T,-1,1,0,0,0,1,0,0,1,0,0,0,1,1,1,1,1,1,0,0,1,1,1,1,0,1,1,1,0,0,1,3
cell_467-TP12-IR-2T,0,0,1,0,0,1,1,1,0,0,0,1,1,0,1,0,1,0,1,1,0,0,1,1,1,0,0,0,0,1,0,4
cell_468-TP12-IR-2T,1,1,0,1,1,0,0,1,1,0,0,0,1,1,0,0,1,1,1,1,0,0,1,0,0,1,1,1,0,0,1,3
cell_469-TP12-IR-2T,-1,1,0,0,-1,1,0,1,1,0,0,0,0,0,-1,0,0,0,1,1,-1,0,0,0,0,1,1,0,1,1,1,3
cell_47-TP12-IR-2T,1,1,0,0,-1,1,0,1,1,0,0,0,1,1,1,1,0,0,0,0,0,1,0,1,0,1,1,1,0,0,1,3
cell_470-TP12-IR-2T,1,1,1,0,0,1,0,1,1,0,0,0,1,1,1,1,0,1,1,1,1,1,0,1,0,1,0,1,0,1,1,3
cell_471-TP12-IR-2T,0,0,1,0,0,1,1,0,0,0,0,0,0,0,1,0,1,0,0,0,0,0,1,1,1,0,1,0,1,0,1,4
cell_472-TP12-IR-2T,-1,0,0,0,0,0,0,-1,1,0,0,0,1,1,1,1,1,0,1,1,0,1,1,0,0,0,0,0,1,1,1,4
cell_473-TP12-IR-2T,0,0,0,0,1,0,1,0,0,0,0,1,0,0,1,0,0,0,1,1,1,0,0,0,0,0,1,0,1,1,0,4
cell_474-TP12-IR-2T,1,0,0,0,1,1,0,1,0,1,0,0,0,0,1,0,1,0,1,1,1,1,1,1,1,0,0,0,1,0,1,4
cell_475-TP12-IR-2T,-1,1,1,0,1,1,0,1,0,0,0,0,0,1,1,0,0,1,0,0,1,0,0,1,1,1,0,1,1,1,1,3
cell_476-TP12-IR-2T,1,1,0,1,0,0,0,1,0,0,0,0,1,1,1,1,0,1,0,0,1,0,0,0,1,1,0,0,0,1,1,3
cell_477-TP12-IR-2T,-1,1,1,1,0,1,0,-1,1,0,0,0,1,1,0,0,0,1,1,1,0,1,0,1,0,1,0,-1,0,1,1,3
cell_478-TP12-IR-2T,0,1,1,1,0,0,0,1,1,0,-1,0,0,0,-1,1,0,0,1,1,0,0,0,0,1,1,0,0,1,1,1,4
cell_479-TP12-IR-2T,1,1,0,1,1,0,1,1,0,1,0,0,1,0,1,0,1,-1,-1,-1,-1,0,1,0,1,1,0,0,1,-1,1,4
cell_48-TP12-IR-2T,1,0,1,0,1,0,0,0,1,0,0,-1,0,-1,1,0,0,1,1,1,1,0,0,0,0,0,1,1,0,0,1,3
cell_480-TP12-IR-2T,1,0,1,1,1,1,0,1,0,0,0,-1,1,-1,1,1,1,1,0,0,0,0,1,1,0,0,1,1,1,1,1,3
cell_481-TP12-IR-2T,-1,1,0,0,0,0,0,0,1,0,0,0,1,0,1,1,1,1,1,1,1,1,1,1,0,1,0,1,0,0,1,3
cell_482-TP12-IR-2T,1,1,0,0,0,1,0,0,1,0,0,0,1,1,1,1,0,1,1,1,1,1,0,1,1,1,0,1,0,0,1,3
cell_483-TP12-IR-2T,-1,1,1,0,0,1,1,1,0,0,0,0,1,0,1,1,1,0,1,1,1,0,1,0,1,1,0,0,0,0,0,4
cell_484-TP12-IR-2T,0,1,0,0,1,1,0,0,0,1,0,0,1,0,1,0,0,0,0,0,1,0,0,1,0,1,1,0,1,1,1,4
cell_485-TP12-IR-2T,0,0,0,1,1,1,0,0,1,0,0,1,1,0,1,1,1,0,0,0,0,0,1,1,1,0,1,0,0,1,0,4
cell_486-TP12-IR-2T,-1,1,0,1,1,0,0,1,1,0,0,0,1,1,-1,1,0,0,0,0,0,0,0,0,0,0,0,0,0,0,1,3
cell_487-TP12-IR-2T,0,1,1,0,1,1,1,1,1,0,0,0,0,0,1,1,1,-1,1,1,0,1,1,1,1,1,1,0,0,0,1,4
cell_488-TP12-IR-2T,0,0,1,0,1,0,0,1,0,1,0,-1,1,-1,1,1,0,0,1,1,1,0,0,0,1,0,0,-1,0,0,1,3
cell_489-TP12-IR-2T,1,0,1,0,1,0,1,0,1,0,0,0,0,0,1,1,1,0,0,0,1,1,1,1,1,0,1,0,1,1,1,4
cell_49-TP12-IR-2T,1,0,0,0,1,0,0,0,1,0,0,0,0,1,1,0,1,1,1,1,0,1,1,1,0,0,0,1,0,1,1,3
cell_490-TP12-IR-2T,-1,0,0,0,1,1,0,0,1,1,0,1,0,0,1,0,1,0,0,0,0,0,1,1,1,0,0,0,1,0,0,4
cell_491-TP12-IR-2T,1,1,1,1,1,0,0,1,1,0,0,0,1,1,1,0,0,1,1,1,0,1,0,0,0,1,0,1,0,0,1,3
cell_492-TP12-IR-2T,1,1,1,0,1,1,0,0,1,0,0,0,0,1,1,0,0,1,0,0,1,1,0,0,1,1,1,1,0,1,1,3
cell_493-TP12-IR-2T,0,1,0,0,1,1,1,1,1,0,0,0,1,0,1,0,1,0,1,1,0,1,1,1,0,1,1,0,0,1,1,4
cell_494-TP12-IR-2T,0,1,1,0,0,1,1,0,1,1,0,0,1,0,1,0,0,0,0,0,1,0,0,1,1,1,0,0,0,0,0,4
cell_495-TP12-IR-2T,1,1,1,0,0,1,0,1,1,0,0,0,0,1,0,1,1,0,1,1,0,0,1,1,1,1,0,1,0,0,1,3
cell_496-TP12-IR-2T,1,1,1,0,0,1,0,0,1,0,0,0,0,1,1,1,1,1,0,0,0,0,1,0,1,1,0,1,0,1,1,3
cell_497-TP12-IR-2T,0,0,0,0,1,1,0,1,0,1,0,1,0,0,1,0,0,0,0,0,0,1,0,1,1,0,1,0,0,0,1,4
cell_498-TP12-IR-2T,1,0,0,1,1,1,0,0,1,0,0,0,1,1,1,1,1,1,1,1,0,0,1,1,0,0,0,0,0,1,1,3
cell_499-TP12-IR-2T,1,1,0,0,0,1,0,0,1,0,0,0,0,1,1,1,1,1,1,1,0,1,1,1,1,1,1,1,0,0,1,3
cell_5-TP12-IR-2T,0,0,0,0,1,1,1,0,1,1,0,1,0,0,1,0,0,0,1,1,0,0,0,1,0,0,1,0,0,0,1,4
cell_50-TP12-IR-2T,1,1,1,0,1,0,0,0,0,0,0,0,0,0,0,0,1,0,0,0,0,0,1,1,1,1,1,0,1,0,0,4
cell_500-TP12-IR-2T,1,1,0,1,0,1,0,-1,0,1,0,1,1,0,0,1,1,0,0,0,1,1,1,1,0,1,-1,0,1,0,0,4
cell_501-TP12-IR-2T,0,0,1,0,1,1,0,1,0,0,0,1,1,0,0,1,0,0,1,1,1,0,0,1,0,0,0,0,0,1,0,4
cell_502-TP12-IR-2T,1,1,0,0,0,0,-1,0,1,0,0,0,1,0,1,0,0,0,1,1,0,1,0,0,1,1,0,0,1,0,1,4
cell_503-TP12-IR-2T,1,1,1,0,1,1,0,0,0,0,0,0,1,1,1,0,0,1,1,1,0,0,0,0,1,1,0,1,0,1,1,3
cell_504-TP12-IR-2T,1,0,1,0,0,0,0,0,1,0,0,0,0,1,1,1,0,1,1,1,1,0,0,0,1,0,0,1,0,1,1,3
cell_505-TP12-IR-2T,1,0,1,0,1,0,0,0,0,1,0,0,1,0,1,1,1,0,1,1,0,0,1,0,1,0,1,0,0,1,1,4
cell_506-TP12-IR-2T,1,0,0,0,1,1,0,1,1,1,0,0,1,0,1,0,0,0,1,1,0,1,0,1,0,0,1,0,1,0,0,4
cell_507-TP12-IR-2T,-1,0,0,0,1,0,1,-1,0,0,0,0,0,1,1,0,0,0,0,0,0,0,0,0,1,0,1,-1,0,1,0,4
cell_508-TP12-IR-2T,1,1,1,0,-1,1,-1,1,1,0,0,1,0,0,1,0,0,0,0,0,0,1,0,1,0,1,0,0,1,0,0,4
cell_509-TP12-IR-2T,1,1,1,0,0,1,1,1,1,0,0,0,0,1,1,0,0,0,0,0,1,0,0,0,0,1,0,0,0,0,1,3
cell_51-TP12-IR-2T,1,1,0,0,0,1,0,0,1,0,0,0,1,0,1,0,0,0,0,0,0,0,0,1,1,1,1,0,1,0,1,3
cell_510-TP12-IR-2T,0,1,1,0,-1,0,1,0,0,0,0,1,0,0,1,0,0,0,1,1,0,0,0,0,0,1,0,0,0,0,1,4
cell_511-TP12-IR-2T,1,0,1,1,0,1,1,0,1,1,0,0,0,0,0,1,1,0,1,1,0,0,1,0,0,0,1,0,0,0,1,1
cell_512-TP12-IR-2T,-1,1,1,1,1,1,0,0,1,0,0,0,0,1,1,1,1,1,0,0,0,1,1,1,1,1,1,0,0,1,1,3
cell_513-TP12-IR-2T,1,0,0,0,1,0,0,0,0,0,0,1,1,0,1,0,0,0,1,1,-1,1,0,1,0,0,0,0,0,0,0,4
cell_514-TP12-IR-2T,1,0,1,0,1,1,1,0,0,0,0,0,1,0,1,1,1,0,1,1,1,0,1,1,0,0,0,0,1,1,0,4
cell_515-TP12-IR-2T,0,0,0,0,1,0,1,0,1,1,0,0,1,0,1,0,1,0,1,1,0,0,1,1,0,0,1,0,1,1,0,4
cell_516-TP12-IR-2T,0,0,0,0,0,1,0,0,0,0,0,1,1,0,0,0,1,0,1,1,0,0,1,0,0,0,0,0,0,1,1,4
cell_517-TP12-IR-2T,1,0,1,1,1,1,1,0,0,1,0,0,0,0,1,0,1,0,0,0,0,1,1,1,0,0,1,0,0,1,0,4
cell_518-TP12-IR-2T,0,0,1,0,0,0,0,1,0,0,0,0,0,0,1,1,1,0,0,0,0,0,1,0,0,0,1,0,1,1,1,0
cell_519-TP12-IR-2T,0,0,1,0,1,0,0,0,1,1,0,1,1,0,1,0,0,0,0,0,0,1,0,0,1,0,0,0,1,1,0,4
cell_52-TP12-IR-2T,0,1,0,0,0,1,0,1,1,0,0,1,0,0,1,0,1,0,0,0,1,1,1,0,0,1,1,0,1,1,1,4
cell_520-TP12-IR-2T,0,0,1,0,0,1,0,0,0,0,0,0,1,0,0,1,1,0,1,1,0,1,1,0,0,0,1,0,0,0,0,4
cell_521-TP12-IR-2T,1,1,0,0,1,0,0,0,1,0,0,0,1,1,1,1,1,1,1,1,0,0,1,1,0,1,0,1,0,0,1,3
cell_522-TP12-IR-2T,0,0,1,0,0,0,1,0,0,1,0,1,1,0,1,1,0,0,1,1,0,0,0,1,1,0,0,0,1,1,1,4
cell_523-TP12-IR-2T,1,1,1,1,0,0,0,1,1,0,0,0,0,1,1,1,1,1,1,1,1,1,1,0,0,1,1,0,0,0,1,3
cell_524-TP12-IR-2T,1,1,0,0,1,1,0,1,1,0,0,0,1,1,1,1,0,1,1,1,1,1,0,1,0,1,1,0,1,1,1,3
cell_525-TP12-IR-2T,1,0,0,0,1,0,1,1,1,0,0,0,1,0,1,1,0,0,0,0,0,0,0,1,1,0,1,0,0,1,1,3
cell_526-TP12-IR-2T,1,1,1,0,1,1,0,1,1,0,0,0,0,1,1,0,0,1,1,1,0,0,0,1,1,1,0,1,1,1,1,3
cell_527-TP12-IR-2T,0,1,1,0,1,1,1,1,1,0,0,0,0,0,-1,1,0,0,0,0,1,1,0,1,0,1,1,0,0,0,0,4
cell_528-TP12-IR-2T,1,0,0,0,1,0,0,1,1,0,0,0,0,0,1,0,1,0,0,0,1,1,1,1,1,0,0,0,0,0,1,4
cell_529-TP12-IR-2T,-1,0,1,0,1,1,0,-1,1,0,0,0,0,1,1,1,1,1,-1,-1,1,0,1,1,1,0,0,1,0,1,1,3
cell_53-TP12-IR-2T,0,-1,0,1,-1,1,0,1,0,0,0,0,1,0,1,0,1,0,0,0,1,0,1,0,0,-1,0,0,1,0,0,4
cell_530-TP12-IR-2T,0,0,0,1,1,1,1,1,1,1,0,0,1,0,1,1,1,0,1,1,0,1,1,0,1,0,1,0,1,1,0,4
cell_531-TP12-IR-2T,0,1,0,1,0,1,0,1,1,0,0,0,1,0,1,0,1,-1,0,0,0,0,1,1,-1,1,0,0,1,0,1,4
cell_532-TP12-IR-2T,0,1,1,0,1,1,1,0,0,0,0,0,0,0,1,0,0,0,0,0,0,0,0,1,0,1,0,0,1,0,1,4
cell_533-TP12-IR-2T,-1,0,0,0,1,0,1,1,0,1,0,0,1,0,1,0,0,0,1,1,-1,0,0,0,1,0,1,0,1,1,0,4
cell_534-TP12-IR-2T,1,1,0,0,1,1,0,1,1,0,-1,0,1,1,1,1,1,1,1,1,1,0,1,0,1,1,1,0,0,1,1,3
cell_535-TP12-IR-2T,1,1,1,0,1,1,0,0,1,0,0,0,0,0,1,0,1,0,1,1,0,0,1,1,1,1,1,0,1,1,0,4
cell_536-TP12-IR-2T,1,1,0,0,1,1,1,1,0,1,0,1,1,0,1,1,1,0,0,0,1,1,1,0,1,1,1,0,0,1,0,4
cell_537-TP12-IR-2T,1,1,1,0,0,1,0,0,1,0,0,0,0,0,1,1,0,0,0,0,0,0,0,0,1,1,0,0,1,1,1,4
cell_538-TP12-IR-2T,1,0,1,0,0,0,-1,1,1,1,0,1,1,0,1,0,0,1,0,0,0,1,0,1,0,0,0,0,1,0,1,4
cell_539-TP12-IR-2T,1,0,1,0,1,1,1,1,0,1,0,1,1,0,1,1,1,0,0,0,1,1,1,0,1,0,0,0,0,1,1,4
cell_54-TP12-IR-2T,0,1,1,0,1,1,0,0,0,0,0,0,0,0,1,0,0,1,1,1,0,0,0,0,0,1,0,0,0,0,0,3
cell_540-TP12-IR-2T,1,1,1,0,0,1,1,0,1,-1,0,0,1,0,0,0,0,0,1,1,1,1,0,0,1,1,1,0,0,1,1,4
cell_541-TP12-IR-2T,-1,1,1,0,1,1,0,-1,1,0,0,0,0,0,1,1,1,1,1,1,0,0,1,1,0,1,1,-1,1,0,1,3
cell_542-TP12-IR-2T,1,1,0,0,0,0,0,1,0,0,0,0,1,0,1,1,0,1,0,0,0,1,0,1,1,1,1,1,0,0,1,3
cell_543-TP12-IR-2T,1,1,1,0,1,1,0,0,1,0,0,0,1,1,0,0,1,0,1,1,0,0,1,1,0,1,0,1,0,1,1,3
cell_544-TP12-IR-2T,1,0,0,1,1,0,0,0,1,0,0,0,0,1,1,0,0,1,0,0,0,0,0,1,1,0,1,1,0,0,1,3
cell_545-TP12-IR-2T,0,1,0,1,0,1,1,0,0,0,0,0,0,0,1,0,0,0,1,1,1,1,0,1,0,1,0,0,1,1,0,4
cell_546-TP12-IR-2T,1,1,1,0,1,0,0,1,1,0,0,0,1,1,1,0,0,1,0,0,0,1,0,1,1,1,1,1,0,1,1,3
cell_547-TP12-IR-2T,0,1,0,1,1,1,1,1,1,1,0,1,0,0,1,0,0,0,0,0,1,1,0,0,0,1,1,0,1,1,1,4
cell_548-TP12-IR-2T,1,0,1,0,0,0,0,0,1,0,0,0,1,1,1,1,1,1,0,0,0,0,1,1,0,0,1,0,1,0,1,3
cell_549-TP12-IR-2T,1,0,1,0,1,1,1,0,1,1,0,1,1,0,1,1,0,0,0,0,1,1,0,1,-1,0,1,0,1,1,1,4
cell_55-TP12-IR-2T,1,1,0,1,1,0,0,1,1,0,0,0,0,1,1,1,1,1,0,0,1,1,1,0,0,1,0,1,0,0,1,3
cell_550-TP12-IR-2T,1,0,1,0,1,0,0,0,1,1,0,0,0,0,-1,0,0,0,0,0,0,0,0,1,0,0,1,1,0,1,1,4
cell_551-TP12-IR-2T,1,1,1,0,0,1,1,0,1,0,0,1,1,0,1,1,0,0,1,1,0,0,0,1,1,1,1,0,1,0,0,4
cell_552-TP12-IR-2T,0,0,1,0,1,0,1,0,0,0,0,0,1,0,1,1,0,0,0,1,0,0,0,1,1,0,0,0,0,1,1,4
cell_553-TP12-IR-2T,1,0,1,1,1,1,0,0,1,0,0,0,1,1,1,0,1,1,0,0,0,1,1,1,1,0,1,1,0,0,1,3
cell_554-TP12-IR-2T,1,0,1,0,1,1,0,0,1,0,0,0,1,1,1,1,0,1,1,1,0,0,0,1,1,0,1,0,0,0,1,3
cell_555-TP12-IR-2T,0,0,0,1,0,0,0,1,1,1,0,0,0,0,1,1,0,0,0,0,0,1,0,1,1,0,0,0,0,0,1,4
cell_556-TP12-IR-2T,1,1,0,0,0,0,0,0,0,1,0,0,1,0,1,1,0,0,1,1,1,0,0,0,0,1,0,0,1,0,1,4
cell_557-TP12-IR-2T,1,1,0,1,1,0,0,1,0,-1,0,0,1,1,1,0,1,1,1,1,0,0,1,0,0,1,0,1,0,1,1,3
cell_558-TP12-IR-2T,0,1,1,0,0,0,0,1,1,1,0,0,0,0,1,0,1,0,0,0,0,1,1,0,1,1,0,0,0,1,1,4
cell_559-TP12-IR-2T,1,0,0,0,0,1,0,1,1,0,0,0,1,1,1,0,0,1,1,1,0,1,0,0,1,0,0,1,0,1,1,3
cell_56-TP12-IR-2T,1,1,1,1,1,1,1,1,1,0,0,0,1,1,1,0,0,1,1,1,1,1,0,0,1,1,0,0,1,0,1,3
cell_560-TP12-IR-2T,0,0,0,0,1,1,0,0,0,-1,0,0,1,0,1,1,0,0,0,0,0,0,0,1,1,0,0,0,0,0,1,4
cell_561-TP12-IR-2T,0,1,0,0,0,0,1,0,1,0,0,1,0,0,1,0,0,0,1,1,0,0,0,0,0,1,1,0,0,0,0,4
cell_562-TP12-IR-2T,1,1,1,0,0,1,0,1,0,0,0,1,1,0,1,1,0,0,0,0,1,0,0,0,1,1,1,0,1,0,1,4
cell_563-TP12-IR-2T,1,0,0,0,0,1,0,0,0,1,0,1,1,0,0,1,0,-1,0,0,-1,1,0,0,0,0,1,0,0,0,1,4
cell_564-TP12-IR-2T,1,1,1,1,1,0,1,1,1,0,0,0,0,0,1,0,0,0,0,0,1,0,0,0,1,1,-1,0,0,1,0,4
cell_565-TP12-IR-2T,0,0,0,0,0,0,1,0,1,1,-1,0,0,0,1,0,0,0,1,1,1,0,0,0,-1,0,0,0,-1,1,0,4
cell_566-TP12-IR-2T,1,0,0,0,0,0,1,1,1,0,0,0,1,0,1,1,0,1,1,1,1,1,0,0,0,0,0,1,0,1,1,3
cell_567-TP12-IR-2T,1,1,0,0,0,0,0,1,1,0,0,0,1,0,1,1,1,0,1,1,0,1,1,1,0,1,1,0,1,1,0,4
cell_568-TP12-IR-2T,1,0,0,1,0,0,0,0,1,0,0,-1,1,-1,1,1,1,1,1,1,1,0,1,1,-1,0,0,0,0,1,1,1
cell_569-TP12-IR-2T,1,0,1,0,1,1,0,0,1,0,0,0,0,1,1,0,0,0,1,1,0,1,0,1,1,0,1,0,0,1,1,3
cell_57-TP12-IR-2T,0,1,1,1,0,1,1,1,0,1,0,0,0,0,-1,1,0,0,1,1,1,1,1,1,1,1,1,0,1,1,0,4
cell_58-TP12-IR-2T,0,0,0,0,-1,0,0,1,1,1,0,1,0,0,1,0,0,0,0,0,0,0,0,0,0,0,0,0,0,1,1,4
cell_59-TP12-IR-2T,1,1,1,0,1,0,1,0,0,0,0,1,0,0,1,0,0,0,1,1,1,1,0,0,0,1,0,0,0,0,0,4
cell_6-TP12-IR-2T,0,1,0,1,0,1,1,0,0,1,0,1,1,0,1,0,1,0,1,1,0,1,1,1,0,1,1,0,1,1,0,4
cell_60-TP12-IR-2T,0,1,0,1,0,0,0,1,0,1,0,0,0,0,1,1,0,0,1,1,1,0,0,1,-1,1,0,0,0,0,0,4
cell_61-TP12-IR-2T,-1,0,1,0,0,1,0,-1,1,0,0,0,0,1,1,0,0,1,1,1,0,0,0,1,0,0,0,-1,1,1,1,3
cell_62-TP12-IR-2T,1,1,0,1,0,1,0,1,1,0,0,0,1,1,1,1,0,1,1,1,0,1,0,0,1,1,1,1,0,0,1,3
cell_63-TP12-IR-2T,1,1,1,-1,0,0,1,1,1,1,0,1,0,0,1,0,0,-1,1,1,1,1,0,0,-1,1,1,0,0,0,1,4
cell_64-TP12-IR-2T,1,0,0,1,1,0,1,-1,0,0,0,1,1,0,1,0,0,0,1,1,-1,1,0,1,0,0,0,0,0,0,0,4
cell_65-TP12-IR-2T,0,1,1,1,0,0,0,1,1,0,0,1,1,0,1,1,1,0,1,1,1,0,1,1,0,1,1,0,1,0,0,4
cell_66-TP12-IR-2T,1,1,1,0,0,0,0,1,1,0,0,0,1,1,1,1,1,1,0,0,1,0,1,1,1,1,0,1,0,1,1,3
cell_67-TP12-IR-2T,0,1,0,0,1,1,1,0,0,1,0,1,1,0,1,0,1,0,0,0,0,0,1,1,1,1,1,0,0,1,1,4
cell_68-TP12-IR-2T,-1,1,1,1,0,1,1,-1,0,1,0,1,0,0,1,0,0,0,0,0,1,0,0,-1,0,1,0,-1,1,0,1,4
cell_69-TP12-IR-2T,1,1,1,0,1,0,0,0,1,0,0,0,0,1,1,0,1,1,0,0,1,0,1,0,0,1,1,1,0,1,1,3
cell_7-TP12-IR-2T,-1,0,0,0,0,0,1,0,1,0,0,0,0,0,0,0,1,0,0,0,-1,1,1,1,1,0,1,0,1,1,0,3
cell_70-TP12-IR-2T,1,0,0,1,0,0,0,1,1,0,0,0,1,0,1,0,1,0,1,1,0,1,1,0,0,0,1,0,0,0,0,4
cell_71-TP12-IR-2T,-1,1,0,1,0,0,0,-1,0,0,0,1,1,-1,1,1,1,1,1,1,1,1,1,0,1,1,0,1,0,0,1,3
cell_72-TP12-IR-2T,1,0,0,0,1,0,0,0,1,0,0,0,0,1,1,1,0,1,1,1,1,1,0,-1,0,0,0,0,0,0,1,3
cell_73-TP12-IR-2T,1,0,1,1,1,1,1,-1,0,1,0,-1,1,-1,1,0,1,0,0,0,0,0,1,1,-1,0,0,0,1,1,0,4
cell_74-TP12-IR-2T,0,1,1,0,1,1,1,0,1,0,0,1,1,0,1,0,0,0,1,1,1,0,0,1,0,1,1,0,0,0,0,4
cell_75-TP12-IR-2T,1,1,1,0,1,0,0,1,1,1,0,0,1,0,-1,0,0,1,0,0,0,0,0,0,0,1,0,0,1,0,1,4
cell_76-TP12-IR-2T,1,1,1,0,0,1,0,0,1,0,0,0,1,1,1,1,1,1,1,1,1,0,1,1,1,1,0,1,0,0,1,3
cell_77-TP12-IR-2T,1,1,1,0,0,0,0,1,1,1,0,0,1,0,1,0,1,0,0,0,1,0,1,0,0,1,0,0,1,0,1,4
cell_78-TP12-IR-2T,1,1,1,0,1,0,0,1,1,0,0,0,0,1,1,0,1,1,0,0,0,0,1,1,0,1,1,1,0,1,1,3
cell_79-TP12-IR-2T,-1,1,1,0,1,1,0,-1,1,0,0,1,1,0,0,1,1,1,1,1,1,0,1,1,1,1,1,-1,0,1,1,3
cell_8-TP12-IR-2T,1,1,1,1,0,1,1,1,1,1,0,0,1,0,1,1,0,0,1,1,1,1,0,1,1,1,0,1,1,0,1,3
cell_80-TP12-IR-2T,1,0,1,0,1,1,0,0,1,0,0,0,0,1,1,0,1,1,0,0,1,0,1,0,0,0,0,1,0,1,1,3
cell_81-TP12-IR-2T,1,0,1,0,1,1,0,1,1,0,0,0,0,1,1,0,1,1,1,1,0,1,0,0,0,0,0,0,0,0,1,3
cell_82-TP12-IR-2T,-1,1,1,0,1,1,0,-1,0,1,0,1,1,0,1,0,1,0,1,1,1,1,1,0,1,1,0,-1,0,0,1,4
cell_83-TP12-IR-2T,0,1,0,0,0,0,1,1,0,1,0,0,1,0,1,0,0,0,1,1,1,0,0,1,0,1,0,0,0,0,1,4
cell_84-TP12-IR-2T,1,1,1,1,0,1,0,0,1,0,0,0,0,1,1,1,0,1,0,0,0,0,0,0,1,0,0,1,0,1,1,3
cell_85-TP12-IR-2T,1,1,0,0,0,1,0,0,1,0,0,0,0,1,1,0,1,-1,0,0,0,0,1,1,0,1,0,0,0,1,1,3
cell_86-TP12-IR-2T,1,0,0,0,1,0,1,1,1,0,0,0,1,0,0,0,1,0,1,1,1,0,1,1,0,0,0,0,1,1,0,4
cell_87-TP12-IR-2T,1,0,0,0,1,0,0,1,1,0,0,0,1,1,1,1,1,1,0,0,0,1,1,1,0,0,1,1,0,1,1,3
cell_88-TP12-IR-2T,1,0,1,0,0,0,0,0,1,1,0,1,0,0,1,0,1,1,0,0,0,0,1,1,1,0,0,0,1,1,1,4
cell_89-TP12-IR-2T,1,0,1,0,1,1,1,0,0,0,0,1,0,0,0,1,0,0,1,1,1,1,0,0,0,0,0,0,1,1,1,2
cell_9-TP12-IR-2T,0,1,1,0,1,0,0,1,1,1,0,0,1,0,1,0,1,0,0,0,0,1,1,1,1,1,1,0,0,1,0,4
cell_90-TP12-IR-2T,0,0,0,0,0,0,-1,1,0,0,0,1,1,0,1,0,1,0,1,1,0,0,1,1,1,0,0,0,1,0,0,4
cell_91-TP12-IR-2T,1,1,0,1,0,0,-1,0,1,1,-1,1,1,0,1,0,0,0,0,0,0,1,0,0,0,1,0,0,0,1,0,4
cell_92-TP12-IR-2T,0,0,1,0,1,1,0,1,0,0,0,0,1,0,1,1,1,0,0,0,0,0,1,1,0,0,0,0,1,1,0,4
cell_93-TP12-IR-2T,1,1,1,0,1,1,1,1,1,1,0,0,0,0,0,0,1,0,0,0,1,1,1,0,1,1,1,0,1,1,0,0
cell_94-TP12-IR-2T,-1,-1,1,0,1,0,1,0,1,1,0,1,0,0,1,1,0,0,0,0,1,1,0,0,0,-1,1,0,1,1,1,4
cell_95-TP12-IR-2T,1,1,1,0,0,1,0,0,0,1,0,0,1,0,1,1,0,0,0,0,1,1,0,1,0,1,0,0,0,1,1,4
cell_96-TP12-IR-2T,0,0,1,0,1,0,1,0,1,-1,0,0,0,0,1,1,0,0,1,1,1,1,0,1,-1,0,1,0,0,1,0,4
cell_97-TP12-IR-2T,1,1,0,-1,1,1,0,1,0,1,0,1,1,0,1,0,1,0,0,0,1,0,1,1,1,1,0,0,1,1,0,4
cell_98-TP12-IR-2T,1,1,1,0,1,1,0,1,1,0,0,1,1,0,1,1,1,0,1,1,0,1,1,0,1,1,0,0,1,0,1,4
cell_99-TP12-IR-2T,0,0,1,0,0,1,1,1,0,1,0,1,1,0,1,1,0,0,1,1,1,1,0,1,-1,0,1,0,1,0,0,4
